window_id,session_id,window_start_unit_id,window_size,n_rows_exceeding_t,fraction_exceeding,prediction,label,config_version
W00000,Attack_Light_Benign/Attacks/stateless_features-light_text.pcap.csv::2020-11-22,Attack_Light_Benign/Attacks/stateless_features-light_text.pcap.csv_0,200,25,0.125,1,1,window_N200_t0.714257_kn0.1
W00001,Attack_Light_Benign/Attacks/stateless_features-light_text.pcap.csv::2020-11-22,Attack_Light_Benign/Attacks/stateless_features-light_text.pcap.csv_1178,200,15,0.075,0,1,window_N200_t0.714257_kn0.1
W00002,Attack_Light_Benign/Attacks/stateless_features-light_text.pcap.csv::2020-11-22,Attack_Light_Benign/Attacks/stateless_features-light_text.pcap.csv_1358,200,21,0.105,1,1,window_N200_t0.714257_kn0.1
W00003,Attack_Light_Benign/Attacks/stateless_features-light_text.pcap.csv::2020-11-22,Attack_Light_Benign/Attacks/stateless_features-light_text.pcap.csv_1538,200,24,0.12,1,1,window_N200_t0.714257_kn0.1
W00004,Attack_Light_Benign/Attacks/stateless_features-light_text.pcap.csv::2020-11-22,Attack_Light_Benign/Attacks/stateless_features-light_text.pcap.csv_1718,200,18,0.09,0,1,window_N200_t0.714257_kn0.1
W00005,Attack_Light_Benign/Attacks/stateless_features-light_text.pcap.csv::2020-11-22,Attack_Light_Benign/Attacks/stateless_features-light_text.pcap.csv_1899,200,20,0.1,1,1,window_N200_t0.714257_kn0.1
W00006,Attack_Light_Benign/Attacks/stateless_features-light_text.pcap.csv::2020-11-22,Attack_Light_Benign/Attacks/stateless_features-light_text.pcap.csv_2078,200,21,0.105,1,1,window_N200_t0.714257_kn0.1
W00007,Attack_Light_Benign/Attacks/stateless_features-light_text.pcap.csv::2020-11-22,Attack_Light_Benign/Attacks/stateless_features-light_text.pcap.csv_2258,200,18,0.09,0,1,window_N200_t0.714257_kn0.1
W00008,Attack_Light_Benign/Attacks/stateless_features-light_text.pcap.csv::2020-11-22,Attack_Light_Benign/Attacks/stateless_features-light_text.pcap.csv_2438,200,30,0.15,1,1,window_N200_t0.714257_kn0.1
W00009,Attack_Light_Benign/Attacks/stateless_features-light_text.pcap.csv::2020-11-22,Attack_Light_Benign/Attacks/stateless_features-light_text.pcap.csv_2618,200,17,0.085,0,1,window_N200_t0.714257_kn0.1
W00010,Attack_Light_Benign/Attacks/stateless_features-light_text.pcap.csv::2020-11-22,Attack_Light_Benign/Attacks/stateless_features-light_text.pcap.csv_2799,200,13,0.065,0,1,window_N200_t0.714257_kn0.1
W00011,Attack_Light_Benign/Attacks/stateless_features-light_text.pcap.csv::2020-11-22,Attack_Light_Benign/Attacks/stateless_features-light_text.pcap.csv_2979,200,29,0.145,1,1,window_N200_t0.714257_kn0.1
W00012,Attack_Light_Benign/Attacks/stateless_features-light_text.pcap.csv::2020-11-22,Attack_Light_Benign/Attacks/stateless_features-light_text.pcap.csv_3158,200,14,0.07,0,1,window_N200_t0.714257_kn0.1
W00013,Attack_Light_Benign/Attacks/stateless_features-light_text.pcap.csv::2020-11-22,Attack_Light_Benign/Attacks/stateless_features-light_text.pcap.csv_3338,200,18,0.09,0,1,window_N200_t0.714257_kn0.1
W00014,Attack_Light_Benign/Attacks/stateless_features-light_text.pcap.csv::2020-11-22,Attack_Light_Benign/Attacks/stateless_features-light_text.pcap.csv_388,200,32,0.16,1,1,window_N200_t0.714257_kn0.1
W00015,Attack_Light_Benign/Attacks/stateless_features-light_text.pcap.csv::2020-11-22,Attack_Light_Benign/Attacks/stateless_features-light_text.pcap.csv_568,200,13,0.065,0,1,window_N200_t0.714257_kn0.1
W00016,Attack_Light_Benign/Attacks/stateless_features-light_text.pcap.csv::2020-11-22,Attack_Light_Benign/Attacks/stateless_features-light_text.pcap.csv_748,200,18,0.09,0,1,window_N200_t0.714257_kn0.1
W00017,Attack_Light_Benign/Attacks/stateless_features-light_text.pcap.csv::2020-11-22,Attack_Light_Benign/Attacks/stateless_features-light_text.pcap.csv_928,79,10,0.12658227848101267,1,1,window_N200_t0.714257_kn0.1
W00018,Attack_heavy_Benign/Attacks/stateless_features-heavy_audio.pcap.csv::2020-11-22,Attack_heavy_Benign/Attacks/stateless_features-heavy_audio.pcap.csv_0,200,15,0.075,0,1,window_N200_t0.714257_kn0.1
W00019,Attack_heavy_Benign/Attacks/stateless_features-heavy_audio.pcap.csv::2020-11-22,Attack_heavy_Benign/Attacks/stateless_features-heavy_audio.pcap.csv_10177,200,27,0.135,1,1,window_N200_t0.714257_kn0.1
W00020,Attack_heavy_Benign/Attacks/stateless_features-heavy_audio.pcap.csv::2020-11-22,Attack_heavy_Benign/Attacks/stateless_features-heavy_audio.pcap.csv_10357,200,19,0.095,0,1,window_N200_t0.714257_kn0.1
W00021,Attack_heavy_Benign/Attacks/stateless_features-heavy_audio.pcap.csv::2020-11-22,Attack_heavy_Benign/Attacks/stateless_features-heavy_audio.pcap.csv_10537,200,16,0.08,0,1,window_N200_t0.714257_kn0.1
W00022,Attack_heavy_Benign/Attacks/stateless_features-heavy_audio.pcap.csv::2020-11-22,Attack_heavy_Benign/Attacks/stateless_features-heavy_audio.pcap.csv_10717,200,24,0.12,1,1,window_N200_t0.714257_kn0.1
W00023,Attack_heavy_Benign/Attacks/stateless_features-heavy_audio.pcap.csv::2020-11-22,Attack_heavy_Benign/Attacks/stateless_features-heavy_audio.pcap.csv_10898,200,19,0.095,0,1,window_N200_t0.714257_kn0.1
W00024,Attack_heavy_Benign/Attacks/stateless_features-heavy_audio.pcap.csv::2020-11-22,Attack_heavy_Benign/Attacks/stateless_features-heavy_audio.pcap.csv_11077,200,27,0.135,1,1,window_N200_t0.714257_kn0.1
W00025,Attack_heavy_Benign/Attacks/stateless_features-heavy_audio.pcap.csv::2020-11-22,Attack_heavy_Benign/Attacks/stateless_features-heavy_audio.pcap.csv_11257,200,17,0.085,0,1,window_N200_t0.714257_kn0.1
W00026,Attack_heavy_Benign/Attacks/stateless_features-heavy_audio.pcap.csv::2020-11-22,Attack_heavy_Benign/Attacks/stateless_features-heavy_audio.pcap.csv_11437,200,15,0.075,0,1,window_N200_t0.714257_kn0.1
W00027,Attack_heavy_Benign/Attacks/stateless_features-heavy_audio.pcap.csv::2020-11-22,Attack_heavy_Benign/Attacks/stateless_features-heavy_audio.pcap.csv_11617,200,25,0.125,1,1,window_N200_t0.714257_kn0.1
W00028,Attack_heavy_Benign/Attacks/stateless_features-heavy_audio.pcap.csv::2020-11-22,Attack_heavy_Benign/Attacks/stateless_features-heavy_audio.pcap.csv_11798,200,18,0.09,0,1,window_N200_t0.714257_kn0.1
W00029,Attack_heavy_Benign/Attacks/stateless_features-heavy_audio.pcap.csv::2020-11-22,Attack_heavy_Benign/Attacks/stateless_features-heavy_audio.pcap.csv_11978,200,18,0.09,0,1,window_N200_t0.714257_kn0.1
W00030,Attack_heavy_Benign/Attacks/stateless_features-heavy_audio.pcap.csv::2020-11-22,Attack_heavy_Benign/Attacks/stateless_features-heavy_audio.pcap.csv_12157,200,26,0.13,1,1,window_N200_t0.714257_kn0.1
W00031,Attack_heavy_Benign/Attacks/stateless_features-heavy_audio.pcap.csv::2020-11-22,Attack_heavy_Benign/Attacks/stateless_features-heavy_audio.pcap.csv_12337,200,12,0.06,0,1,window_N200_t0.714257_kn0.1
W00032,Attack_heavy_Benign/Attacks/stateless_features-heavy_audio.pcap.csv::2020-11-22,Attack_heavy_Benign/Attacks/stateless_features-heavy_audio.pcap.csv_12517,200,18,0.09,0,1,window_N200_t0.714257_kn0.1
W00033,Attack_heavy_Benign/Attacks/stateless_features-heavy_audio.pcap.csv::2020-11-22,Attack_heavy_Benign/Attacks/stateless_features-heavy_audio.pcap.csv_12698,200,27,0.135,1,1,window_N200_t0.714257_kn0.1
W00034,Attack_heavy_Benign/Attacks/stateless_features-heavy_audio.pcap.csv::2020-11-22,Attack_heavy_Benign/Attacks/stateless_features-heavy_audio.pcap.csv_12878,200,19,0.095,0,1,window_N200_t0.714257_kn0.1
W00035,Attack_heavy_Benign/Attacks/stateless_features-heavy_audio.pcap.csv::2020-11-22,Attack_heavy_Benign/Attacks/stateless_features-heavy_audio.pcap.csv_13057,200,14,0.07,0,1,window_N200_t0.714257_kn0.1
W00036,Attack_heavy_Benign/Attacks/stateless_features-heavy_audio.pcap.csv::2020-11-22,Attack_heavy_Benign/Attacks/stateless_features-heavy_audio.pcap.csv_13237,200,29,0.145,1,1,window_N200_t0.714257_kn0.1
W00037,Attack_heavy_Benign/Attacks/stateless_features-heavy_audio.pcap.csv::2020-11-22,Attack_heavy_Benign/Attacks/stateless_features-heavy_audio.pcap.csv_13417,200,16,0.08,0,1,window_N200_t0.714257_kn0.1
W00038,Attack_heavy_Benign/Attacks/stateless_features-heavy_audio.pcap.csv::2020-11-22,Attack_heavy_Benign/Attacks/stateless_features-heavy_audio.pcap.csv_13598,200,19,0.095,0,1,window_N200_t0.714257_kn0.1
W00039,Attack_heavy_Benign/Attacks/stateless_features-heavy_audio.pcap.csv::2020-11-22,Attack_heavy_Benign/Attacks/stateless_features-heavy_audio.pcap.csv_13778,200,26,0.13,1,1,window_N200_t0.714257_kn0.1
W00040,Attack_heavy_Benign/Attacks/stateless_features-heavy_audio.pcap.csv::2020-11-22,Attack_heavy_Benign/Attacks/stateless_features-heavy_audio.pcap.csv_13958,200,22,0.11,1,1,window_N200_t0.714257_kn0.1
W00041,Attack_heavy_Benign/Attacks/stateless_features-heavy_audio.pcap.csv::2020-11-22,Attack_heavy_Benign/Attacks/stateless_features-heavy_audio.pcap.csv_14137,200,22,0.11,1,1,window_N200_t0.714257_kn0.1
W00042,Attack_heavy_Benign/Attacks/stateless_features-heavy_audio.pcap.csv::2020-11-22,Attack_heavy_Benign/Attacks/stateless_features-heavy_audio.pcap.csv_14317,200,28,0.14,1,1,window_N200_t0.714257_kn0.1
W00043,Attack_heavy_Benign/Attacks/stateless_features-heavy_audio.pcap.csv::2020-11-22,Attack_heavy_Benign/Attacks/stateless_features-heavy_audio.pcap.csv_14498,200,14,0.07,0,1,window_N200_t0.714257_kn0.1
W00044,Attack_heavy_Benign/Attacks/stateless_features-heavy_audio.pcap.csv::2020-11-22,Attack_heavy_Benign/Attacks/stateless_features-heavy_audio.pcap.csv_14678,200,28,0.14,1,1,window_N200_t0.714257_kn0.1
W00045,Attack_heavy_Benign/Attacks/stateless_features-heavy_audio.pcap.csv::2020-11-22,Attack_heavy_Benign/Attacks/stateless_features-heavy_audio.pcap.csv_14858,200,18,0.09,0,1,window_N200_t0.714257_kn0.1
W00046,Attack_heavy_Benign/Attacks/stateless_features-heavy_audio.pcap.csv::2020-11-22,Attack_heavy_Benign/Attacks/stateless_features-heavy_audio.pcap.csv_15037,200,19,0.095,0,1,window_N200_t0.714257_kn0.1
W00047,Attack_heavy_Benign/Attacks/stateless_features-heavy_audio.pcap.csv::2020-11-22,Attack_heavy_Benign/Attacks/stateless_features-heavy_audio.pcap.csv_15217,200,23,0.115,1,1,window_N200_t0.714257_kn0.1
W00048,Attack_heavy_Benign/Attacks/stateless_features-heavy_audio.pcap.csv::2020-11-22,Attack_heavy_Benign/Attacks/stateless_features-heavy_audio.pcap.csv_15398,200,19,0.095,0,1,window_N200_t0.714257_kn0.1
W00049,Attack_heavy_Benign/Attacks/stateless_features-heavy_audio.pcap.csv::2020-11-22,Attack_heavy_Benign/Attacks/stateless_features-heavy_audio.pcap.csv_15578,200,16,0.08,0,1,window_N200_t0.714257_kn0.1
W00050,Attack_heavy_Benign/Attacks/stateless_features-heavy_audio.pcap.csv::2020-11-22,Attack_heavy_Benign/Attacks/stateless_features-heavy_audio.pcap.csv_15758,200,30,0.15,1,1,window_N200_t0.714257_kn0.1
W00051,Attack_heavy_Benign/Attacks/stateless_features-heavy_audio.pcap.csv::2020-11-22,Attack_heavy_Benign/Attacks/stateless_features-heavy_audio.pcap.csv_15938,200,19,0.095,0,1,window_N200_t0.714257_kn0.1
W00052,Attack_heavy_Benign/Attacks/stateless_features-heavy_audio.pcap.csv::2020-11-22,Attack_heavy_Benign/Attacks/stateless_features-heavy_audio.pcap.csv_16117,200,17,0.085,0,1,window_N200_t0.714257_kn0.1
W00053,Attack_heavy_Benign/Attacks/stateless_features-heavy_audio.pcap.csv::2020-11-22,Attack_heavy_Benign/Attacks/stateless_features-heavy_audio.pcap.csv_16298,200,23,0.115,1,1,window_N200_t0.714257_kn0.1
W00054,Attack_heavy_Benign/Attacks/stateless_features-heavy_audio.pcap.csv::2020-11-22,Attack_heavy_Benign/Attacks/stateless_features-heavy_audio.pcap.csv_16478,200,18,0.09,0,1,window_N200_t0.714257_kn0.1
W00055,Attack_heavy_Benign/Attacks/stateless_features-heavy_audio.pcap.csv::2020-11-22,Attack_heavy_Benign/Attacks/stateless_features-heavy_audio.pcap.csv_16658,200,16,0.08,0,1,window_N200_t0.714257_kn0.1
W00056,Attack_heavy_Benign/Attacks/stateless_features-heavy_audio.pcap.csv::2020-11-22,Attack_heavy_Benign/Attacks/stateless_features-heavy_audio.pcap.csv_16838,200,31,0.155,1,1,window_N200_t0.714257_kn0.1
W00057,Attack_heavy_Benign/Attacks/stateless_features-heavy_audio.pcap.csv::2020-11-22,Attack_heavy_Benign/Attacks/stateless_features-heavy_audio.pcap.csv_17017,200,12,0.06,0,1,window_N200_t0.714257_kn0.1
W00058,Attack_heavy_Benign/Attacks/stateless_features-heavy_audio.pcap.csv::2020-11-22,Attack_heavy_Benign/Attacks/stateless_features-heavy_audio.pcap.csv_17198,200,17,0.085,0,1,window_N200_t0.714257_kn0.1
W00059,Attack_heavy_Benign/Attacks/stateless_features-heavy_audio.pcap.csv::2020-11-22,Attack_heavy_Benign/Attacks/stateless_features-heavy_audio.pcap.csv_17378,200,27,0.135,1,1,window_N200_t0.714257_kn0.1
W00060,Attack_heavy_Benign/Attacks/stateless_features-heavy_audio.pcap.csv::2020-11-22,Attack_heavy_Benign/Attacks/stateless_features-heavy_audio.pcap.csv_17558,200,18,0.09,0,1,window_N200_t0.714257_kn0.1
W00061,Attack_heavy_Benign/Attacks/stateless_features-heavy_audio.pcap.csv::2020-11-22,Attack_heavy_Benign/Attacks/stateless_features-heavy_audio.pcap.csv_17738,200,25,0.125,1,1,window_N200_t0.714257_kn0.1
W00062,Attack_heavy_Benign/Attacks/stateless_features-heavy_audio.pcap.csv::2020-11-22,Attack_heavy_Benign/Attacks/stateless_features-heavy_audio.pcap.csv_17918,200,20,0.1,1,1,window_N200_t0.714257_kn0.1
W00063,Attack_heavy_Benign/Attacks/stateless_features-heavy_audio.pcap.csv::2020-11-22,Attack_heavy_Benign/Attacks/stateless_features-heavy_audio.pcap.csv_18098,200,14,0.07,0,1,window_N200_t0.714257_kn0.1
W00064,Attack_heavy_Benign/Attacks/stateless_features-heavy_audio.pcap.csv::2020-11-22,Attack_heavy_Benign/Attacks/stateless_features-heavy_audio.pcap.csv_18278,200,27,0.135,1,1,window_N200_t0.714257_kn0.1
W00065,Attack_heavy_Benign/Attacks/stateless_features-heavy_audio.pcap.csv::2020-11-22,Attack_heavy_Benign/Attacks/stateless_features-heavy_audio.pcap.csv_18458,200,18,0.09,0,1,window_N200_t0.714257_kn0.1
W00066,Attack_heavy_Benign/Attacks/stateless_features-heavy_audio.pcap.csv::2020-11-22,Attack_heavy_Benign/Attacks/stateless_features-heavy_audio.pcap.csv_18638,200,14,0.07,0,1,window_N200_t0.714257_kn0.1
W00067,Attack_heavy_Benign/Attacks/stateless_features-heavy_audio.pcap.csv::2020-11-22,Attack_heavy_Benign/Attacks/stateless_features-heavy_audio.pcap.csv_18818,200,29,0.145,1,1,window_N200_t0.714257_kn0.1
W00068,Attack_heavy_Benign/Attacks/stateless_features-heavy_audio.pcap.csv::2020-11-22,Attack_heavy_Benign/Attacks/stateless_features-heavy_audio.pcap.csv_18999,200,19,0.095,0,1,window_N200_t0.714257_kn0.1
W00069,Attack_heavy_Benign/Attacks/stateless_features-heavy_audio.pcap.csv::2020-11-22,Attack_heavy_Benign/Attacks/stateless_features-heavy_audio.pcap.csv_19178,200,25,0.125,1,1,window_N200_t0.714257_kn0.1
W00070,Attack_heavy_Benign/Attacks/stateless_features-heavy_audio.pcap.csv::2020-11-22,Attack_heavy_Benign/Attacks/stateless_features-heavy_audio.pcap.csv_19358,200,23,0.115,1,1,window_N200_t0.714257_kn0.1
W00071,Attack_heavy_Benign/Attacks/stateless_features-heavy_audio.pcap.csv::2020-11-22,Attack_heavy_Benign/Attacks/stateless_features-heavy_audio.pcap.csv_19538,200,19,0.095,0,1,window_N200_t0.714257_kn0.1
W00072,Attack_heavy_Benign/Attacks/stateless_features-heavy_audio.pcap.csv::2020-11-22,Attack_heavy_Benign/Attacks/stateless_features-heavy_audio.pcap.csv_19718,200,17,0.085,0,1,window_N200_t0.714257_kn0.1
W00073,Attack_heavy_Benign/Attacks/stateless_features-heavy_audio.pcap.csv::2020-11-22,Attack_heavy_Benign/Attacks/stateless_features-heavy_audio.pcap.csv_19899,200,30,0.15,1,1,window_N200_t0.714257_kn0.1
W00074,Attack_heavy_Benign/Attacks/stateless_features-heavy_audio.pcap.csv::2020-11-22,Attack_heavy_Benign/Attacks/stateless_features-heavy_audio.pcap.csv_20077,200,20,0.1,1,1,window_N200_t0.714257_kn0.1
W00075,Attack_heavy_Benign/Attacks/stateless_features-heavy_audio.pcap.csv::2020-11-22,Attack_heavy_Benign/Attacks/stateless_features-heavy_audio.pcap.csv_20257,200,17,0.085,0,1,window_N200_t0.714257_kn0.1
W00076,Attack_heavy_Benign/Attacks/stateless_features-heavy_audio.pcap.csv::2020-11-22,Attack_heavy_Benign/Attacks/stateless_features-heavy_audio.pcap.csv_20437,200,22,0.11,1,1,window_N200_t0.714257_kn0.1
W00077,Attack_heavy_Benign/Attacks/stateless_features-heavy_audio.pcap.csv::2020-11-22,Attack_heavy_Benign/Attacks/stateless_features-heavy_audio.pcap.csv_20617,200,15,0.075,0,1,window_N200_t0.714257_kn0.1
W00078,Attack_heavy_Benign/Attacks/stateless_features-heavy_audio.pcap.csv::2020-11-22,Attack_heavy_Benign/Attacks/stateless_features-heavy_audio.pcap.csv_20798,200,28,0.14,1,1,window_N200_t0.714257_kn0.1
W00079,Attack_heavy_Benign/Attacks/stateless_features-heavy_audio.pcap.csv::2020-11-22,Attack_heavy_Benign/Attacks/stateless_features-heavy_audio.pcap.csv_20978,200,16,0.08,0,1,window_N200_t0.714257_kn0.1
W00080,Attack_heavy_Benign/Attacks/stateless_features-heavy_audio.pcap.csv::2020-11-22,Attack_heavy_Benign/Attacks/stateless_features-heavy_audio.pcap.csv_21157,200,17,0.085,0,1,window_N200_t0.714257_kn0.1
W00081,Attack_heavy_Benign/Attacks/stateless_features-heavy_audio.pcap.csv::2020-11-22,Attack_heavy_Benign/Attacks/stateless_features-heavy_audio.pcap.csv_21337,200,26,0.13,1,1,window_N200_t0.714257_kn0.1
W00082,Attack_heavy_Benign/Attacks/stateless_features-heavy_audio.pcap.csv::2020-11-22,Attack_heavy_Benign/Attacks/stateless_features-heavy_audio.pcap.csv_21517,200,16,0.08,0,1,window_N200_t0.714257_kn0.1
W00083,Attack_heavy_Benign/Attacks/stateless_features-heavy_audio.pcap.csv::2020-11-22,Attack_heavy_Benign/Attacks/stateless_features-heavy_audio.pcap.csv_21698,200,17,0.085,0,1,window_N200_t0.714257_kn0.1
W00084,Attack_heavy_Benign/Attacks/stateless_features-heavy_audio.pcap.csv::2020-11-22,Attack_heavy_Benign/Attacks/stateless_features-heavy_audio.pcap.csv_21878,200,25,0.125,1,1,window_N200_t0.714257_kn0.1
W00085,Attack_heavy_Benign/Attacks/stateless_features-heavy_audio.pcap.csv::2020-11-22,Attack_heavy_Benign/Attacks/stateless_features-heavy_audio.pcap.csv_22057,200,20,0.1,1,1,window_N200_t0.714257_kn0.1
W00086,Attack_heavy_Benign/Attacks/stateless_features-heavy_audio.pcap.csv::2020-11-22,Attack_heavy_Benign/Attacks/stateless_features-heavy_audio.pcap.csv_22237,200,18,0.09,0,1,window_N200_t0.714257_kn0.1
W00087,Attack_heavy_Benign/Attacks/stateless_features-heavy_audio.pcap.csv::2020-11-22,Attack_heavy_Benign/Attacks/stateless_features-heavy_audio.pcap.csv_22417,200,27,0.135,1,1,window_N200_t0.714257_kn0.1
W00088,Attack_heavy_Benign/Attacks/stateless_features-heavy_audio.pcap.csv::2020-11-22,Attack_heavy_Benign/Attacks/stateless_features-heavy_audio.pcap.csv_22598,200,12,0.06,0,1,window_N200_t0.714257_kn0.1
W00089,Attack_heavy_Benign/Attacks/stateless_features-heavy_audio.pcap.csv::2020-11-22,Attack_heavy_Benign/Attacks/stateless_features-heavy_audio.pcap.csv_22778,200,18,0.09,0,1,window_N200_t0.714257_kn0.1
W00090,Attack_heavy_Benign/Attacks/stateless_features-heavy_audio.pcap.csv::2020-11-22,Attack_heavy_Benign/Attacks/stateless_features-heavy_audio.pcap.csv_22958,200,24,0.12,1,1,window_N200_t0.714257_kn0.1
W00091,Attack_heavy_Benign/Attacks/stateless_features-heavy_audio.pcap.csv::2020-11-22,Attack_heavy_Benign/Attacks/stateless_features-heavy_audio.pcap.csv_23137,200,18,0.09,0,1,window_N200_t0.714257_kn0.1
W00092,Attack_heavy_Benign/Attacks/stateless_features-heavy_audio.pcap.csv::2020-11-22,Attack_heavy_Benign/Attacks/stateless_features-heavy_audio.pcap.csv_23317,200,16,0.08,0,1,window_N200_t0.714257_kn0.1
W00093,Attack_heavy_Benign/Attacks/stateless_features-heavy_audio.pcap.csv::2020-11-22,Attack_heavy_Benign/Attacks/stateless_features-heavy_audio.pcap.csv_23498,200,25,0.125,1,1,window_N200_t0.714257_kn0.1
W00094,Attack_heavy_Benign/Attacks/stateless_features-heavy_audio.pcap.csv::2020-11-22,Attack_heavy_Benign/Attacks/stateless_features-heavy_audio.pcap.csv_23678,200,19,0.095,0,1,window_N200_t0.714257_kn0.1
W00095,Attack_heavy_Benign/Attacks/stateless_features-heavy_audio.pcap.csv::2020-11-22,Attack_heavy_Benign/Attacks/stateless_features-heavy_audio.pcap.csv_23858,200,16,0.08,0,1,window_N200_t0.714257_kn0.1
W00096,Attack_heavy_Benign/Attacks/stateless_features-heavy_audio.pcap.csv::2020-11-22,Attack_heavy_Benign/Attacks/stateless_features-heavy_audio.pcap.csv_24037,200,27,0.135,1,1,window_N200_t0.714257_kn0.1
W00097,Attack_heavy_Benign/Attacks/stateless_features-heavy_audio.pcap.csv::2020-11-22,Attack_heavy_Benign/Attacks/stateless_features-heavy_audio.pcap.csv_24217,200,26,0.13,1,1,window_N200_t0.714257_kn0.1
W00098,Attack_heavy_Benign/Attacks/stateless_features-heavy_audio.pcap.csv::2020-11-22,Attack_heavy_Benign/Attacks/stateless_features-heavy_audio.pcap.csv_24398,200,27,0.135,1,1,window_N200_t0.714257_kn0.1
W00099,Attack_heavy_Benign/Attacks/stateless_features-heavy_audio.pcap.csv::2020-11-22,Attack_heavy_Benign/Attacks/stateless_features-heavy_audio.pcap.csv_24578,200,30,0.15,1,1,window_N200_t0.714257_kn0.1
W00100,Attack_heavy_Benign/Attacks/stateless_features-heavy_audio.pcap.csv::2020-11-22,Attack_heavy_Benign/Attacks/stateless_features-heavy_audio.pcap.csv_24758,200,15,0.075,0,1,window_N200_t0.714257_kn0.1
W00101,Attack_heavy_Benign/Attacks/stateless_features-heavy_audio.pcap.csv::2020-11-22,Attack_heavy_Benign/Attacks/stateless_features-heavy_audio.pcap.csv_24938,200,17,0.085,0,1,window_N200_t0.714257_kn0.1
W00102,Attack_heavy_Benign/Attacks/stateless_features-heavy_audio.pcap.csv::2020-11-22,Attack_heavy_Benign/Attacks/stateless_features-heavy_audio.pcap.csv_25117,200,28,0.14,1,1,window_N200_t0.714257_kn0.1
W00103,Attack_heavy_Benign/Attacks/stateless_features-heavy_audio.pcap.csv::2020-11-22,Attack_heavy_Benign/Attacks/stateless_features-heavy_audio.pcap.csv_25298,200,22,0.11,1,1,window_N200_t0.714257_kn0.1
W00104,Attack_heavy_Benign/Attacks/stateless_features-heavy_audio.pcap.csv::2020-11-22,Attack_heavy_Benign/Attacks/stateless_features-heavy_audio.pcap.csv_25478,200,23,0.115,1,1,window_N200_t0.714257_kn0.1
W00105,Attack_heavy_Benign/Attacks/stateless_features-heavy_audio.pcap.csv::2020-11-22,Attack_heavy_Benign/Attacks/stateless_features-heavy_audio.pcap.csv_25658,200,20,0.1,1,1,window_N200_t0.714257_kn0.1
W00106,Attack_heavy_Benign/Attacks/stateless_features-heavy_audio.pcap.csv::2020-11-22,Attack_heavy_Benign/Attacks/stateless_features-heavy_audio.pcap.csv_25838,200,17,0.085,0,1,window_N200_t0.714257_kn0.1
W00107,Attack_heavy_Benign/Attacks/stateless_features-heavy_audio.pcap.csv::2020-11-22,Attack_heavy_Benign/Attacks/stateless_features-heavy_audio.pcap.csv_26017,200,28,0.14,1,1,window_N200_t0.714257_kn0.1
W00108,Attack_heavy_Benign/Attacks/stateless_features-heavy_audio.pcap.csv::2020-11-22,Attack_heavy_Benign/Attacks/stateless_features-heavy_audio.pcap.csv_26198,200,20,0.1,1,1,window_N200_t0.714257_kn0.1
W00109,Attack_heavy_Benign/Attacks/stateless_features-heavy_audio.pcap.csv::2020-11-22,Attack_heavy_Benign/Attacks/stateless_features-heavy_audio.pcap.csv_26378,200,13,0.065,0,1,window_N200_t0.714257_kn0.1
W00110,Attack_heavy_Benign/Attacks/stateless_features-heavy_audio.pcap.csv::2020-11-22,Attack_heavy_Benign/Attacks/stateless_features-heavy_audio.pcap.csv_26558,200,27,0.135,1,1,window_N200_t0.714257_kn0.1
W00111,Attack_heavy_Benign/Attacks/stateless_features-heavy_audio.pcap.csv::2020-11-22,Attack_heavy_Benign/Attacks/stateless_features-heavy_audio.pcap.csv_26738,200,16,0.08,0,1,window_N200_t0.714257_kn0.1
W00112,Attack_heavy_Benign/Attacks/stateless_features-heavy_audio.pcap.csv::2020-11-22,Attack_heavy_Benign/Attacks/stateless_features-heavy_audio.pcap.csv_26918,200,17,0.085,0,1,window_N200_t0.714257_kn0.1
W00113,Attack_heavy_Benign/Attacks/stateless_features-heavy_audio.pcap.csv::2020-11-22,Attack_heavy_Benign/Attacks/stateless_features-heavy_audio.pcap.csv_27098,200,25,0.125,1,1,window_N200_t0.714257_kn0.1
W00114,Attack_heavy_Benign/Attacks/stateless_features-heavy_audio.pcap.csv::2020-11-22,Attack_heavy_Benign/Attacks/stateless_features-heavy_audio.pcap.csv_27278,200,19,0.095,0,1,window_N200_t0.714257_kn0.1
W00115,Attack_heavy_Benign/Attacks/stateless_features-heavy_audio.pcap.csv::2020-11-22,Attack_heavy_Benign/Attacks/stateless_features-heavy_audio.pcap.csv_27458,200,12,0.06,0,1,window_N200_t0.714257_kn0.1
W00116,Attack_heavy_Benign/Attacks/stateless_features-heavy_audio.pcap.csv::2020-11-22,Attack_heavy_Benign/Attacks/stateless_features-heavy_audio.pcap.csv_27638,200,28,0.14,1,1,window_N200_t0.714257_kn0.1
W00117,Attack_heavy_Benign/Attacks/stateless_features-heavy_audio.pcap.csv::2020-11-22,Attack_heavy_Benign/Attacks/stateless_features-heavy_audio.pcap.csv_27818,200,16,0.08,0,1,window_N200_t0.714257_kn0.1
W00118,Attack_heavy_Benign/Attacks/stateless_features-heavy_audio.pcap.csv::2020-11-22,Attack_heavy_Benign/Attacks/stateless_features-heavy_audio.pcap.csv_27999,200,14,0.07,0,1,window_N200_t0.714257_kn0.1
W00119,Attack_heavy_Benign/Attacks/stateless_features-heavy_audio.pcap.csv::2020-11-22,Attack_heavy_Benign/Attacks/stateless_features-heavy_audio.pcap.csv_28178,200,31,0.155,1,1,window_N200_t0.714257_kn0.1
W00120,Attack_heavy_Benign/Attacks/stateless_features-heavy_audio.pcap.csv::2020-11-22,Attack_heavy_Benign/Attacks/stateless_features-heavy_audio.pcap.csv_28358,200,19,0.095,0,1,window_N200_t0.714257_kn0.1
W00121,Attack_heavy_Benign/Attacks/stateless_features-heavy_audio.pcap.csv::2020-11-22,Attack_heavy_Benign/Attacks/stateless_features-heavy_audio.pcap.csv_28538,200,15,0.075,0,1,window_N200_t0.714257_kn0.1
W00122,Attack_heavy_Benign/Attacks/stateless_features-heavy_audio.pcap.csv::2020-11-22,Attack_heavy_Benign/Attacks/stateless_features-heavy_audio.pcap.csv_28718,200,26,0.13,1,1,window_N200_t0.714257_kn0.1
W00123,Attack_heavy_Benign/Attacks/stateless_features-heavy_audio.pcap.csv::2020-11-22,Attack_heavy_Benign/Attacks/stateless_features-heavy_audio.pcap.csv_28899,200,17,0.085,0,1,window_N200_t0.714257_kn0.1
W00124,Attack_heavy_Benign/Attacks/stateless_features-heavy_audio.pcap.csv::2020-11-22,Attack_heavy_Benign/Attacks/stateless_features-heavy_audio.pcap.csv_29078,200,29,0.145,1,1,window_N200_t0.714257_kn0.1
W00125,Attack_heavy_Benign/Attacks/stateless_features-heavy_audio.pcap.csv::2020-11-22,Attack_heavy_Benign/Attacks/stateless_features-heavy_audio.pcap.csv_29258,200,17,0.085,0,1,window_N200_t0.714257_kn0.1
W00126,Attack_heavy_Benign/Attacks/stateless_features-heavy_audio.pcap.csv::2020-11-22,Attack_heavy_Benign/Attacks/stateless_features-heavy_audio.pcap.csv_29438,200,14,0.07,0,1,window_N200_t0.714257_kn0.1
W00127,Attack_heavy_Benign/Attacks/stateless_features-heavy_audio.pcap.csv::2020-11-22,Attack_heavy_Benign/Attacks/stateless_features-heavy_audio.pcap.csv_29618,200,33,0.165,1,1,window_N200_t0.714257_kn0.1
W00128,Attack_heavy_Benign/Attacks/stateless_features-heavy_audio.pcap.csv::2020-11-22,Attack_heavy_Benign/Attacks/stateless_features-heavy_audio.pcap.csv_29799,200,22,0.11,1,1,window_N200_t0.714257_kn0.1
W00129,Attack_heavy_Benign/Attacks/stateless_features-heavy_audio.pcap.csv::2020-11-22,Attack_heavy_Benign/Attacks/stateless_features-heavy_audio.pcap.csv_29979,200,17,0.085,0,1,window_N200_t0.714257_kn0.1
W00130,Attack_heavy_Benign/Attacks/stateless_features-heavy_audio.pcap.csv::2020-11-22,Attack_heavy_Benign/Attacks/stateless_features-heavy_audio.pcap.csv_30157,200,25,0.125,1,1,window_N200_t0.714257_kn0.1
W00131,Attack_heavy_Benign/Attacks/stateless_features-heavy_audio.pcap.csv::2020-11-22,Attack_heavy_Benign/Attacks/stateless_features-heavy_audio.pcap.csv_30337,200,18,0.09,0,1,window_N200_t0.714257_kn0.1
W00132,Attack_heavy_Benign/Attacks/stateless_features-heavy_audio.pcap.csv::2020-11-22,Attack_heavy_Benign/Attacks/stateless_features-heavy_audio.pcap.csv_30517,200,17,0.085,0,1,window_N200_t0.714257_kn0.1
W00133,Attack_heavy_Benign/Attacks/stateless_features-heavy_audio.pcap.csv::2020-11-22,Attack_heavy_Benign/Attacks/stateless_features-heavy_audio.pcap.csv_30698,200,27,0.135,1,1,window_N200_t0.714257_kn0.1
W00134,Attack_heavy_Benign/Attacks/stateless_features-heavy_audio.pcap.csv::2020-11-22,Attack_heavy_Benign/Attacks/stateless_features-heavy_audio.pcap.csv_30878,200,16,0.08,0,1,window_N200_t0.714257_kn0.1
W00135,Attack_heavy_Benign/Attacks/stateless_features-heavy_audio.pcap.csv::2020-11-22,Attack_heavy_Benign/Attacks/stateless_features-heavy_audio.pcap.csv_31057,200,12,0.06,0,1,window_N200_t0.714257_kn0.1
W00136,Attack_heavy_Benign/Attacks/stateless_features-heavy_audio.pcap.csv::2020-11-22,Attack_heavy_Benign/Attacks/stateless_features-heavy_audio.pcap.csv_31237,200,30,0.15,1,1,window_N200_t0.714257_kn0.1
W00137,Attack_heavy_Benign/Attacks/stateless_features-heavy_audio.pcap.csv::2020-11-22,Attack_heavy_Benign/Attacks/stateless_features-heavy_audio.pcap.csv_31417,200,19,0.095,0,1,window_N200_t0.714257_kn0.1
W00138,Attack_heavy_Benign/Attacks/stateless_features-heavy_audio.pcap.csv::2020-11-22,Attack_heavy_Benign/Attacks/stateless_features-heavy_audio.pcap.csv_31598,200,15,0.075,0,1,window_N200_t0.714257_kn0.1
W00139,Attack_heavy_Benign/Attacks/stateless_features-heavy_audio.pcap.csv::2020-11-22,Attack_heavy_Benign/Attacks/stateless_features-heavy_audio.pcap.csv_31778,200,25,0.125,1,1,window_N200_t0.714257_kn0.1
W00140,Attack_heavy_Benign/Attacks/stateless_features-heavy_audio.pcap.csv::2020-11-22,Attack_heavy_Benign/Attacks/stateless_features-heavy_audio.pcap.csv_31958,200,16,0.08,0,1,window_N200_t0.714257_kn0.1
W00141,Attack_heavy_Benign/Attacks/stateless_features-heavy_audio.pcap.csv::2020-11-22,Attack_heavy_Benign/Attacks/stateless_features-heavy_audio.pcap.csv_32137,200,16,0.08,0,1,window_N200_t0.714257_kn0.1
W00142,Attack_heavy_Benign/Attacks/stateless_features-heavy_audio.pcap.csv::2020-11-22,Attack_heavy_Benign/Attacks/stateless_features-heavy_audio.pcap.csv_32317,200,26,0.13,1,1,window_N200_t0.714257_kn0.1
W00143,Attack_heavy_Benign/Attacks/stateless_features-heavy_audio.pcap.csv::2020-11-22,Attack_heavy_Benign/Attacks/stateless_features-heavy_audio.pcap.csv_32498,200,19,0.095,0,1,window_N200_t0.714257_kn0.1
W00144,Attack_heavy_Benign/Attacks/stateless_features-heavy_audio.pcap.csv::2020-11-22,Attack_heavy_Benign/Attacks/stateless_features-heavy_audio.pcap.csv_32678,200,15,0.075,0,1,window_N200_t0.714257_kn0.1
W00145,Attack_heavy_Benign/Attacks/stateless_features-heavy_audio.pcap.csv::2020-11-22,Attack_heavy_Benign/Attacks/stateless_features-heavy_audio.pcap.csv_32858,200,32,0.16,1,1,window_N200_t0.714257_kn0.1
W00146,Attack_heavy_Benign/Attacks/stateless_features-heavy_audio.pcap.csv::2020-11-22,Attack_heavy_Benign/Attacks/stateless_features-heavy_audio.pcap.csv_33037,200,16,0.08,0,1,window_N200_t0.714257_kn0.1
W00147,Attack_heavy_Benign/Attacks/stateless_features-heavy_audio.pcap.csv::2020-11-22,Attack_heavy_Benign/Attacks/stateless_features-heavy_audio.pcap.csv_33217,200,10,0.05,0,1,window_N200_t0.714257_kn0.1
W00148,Attack_heavy_Benign/Attacks/stateless_features-heavy_audio.pcap.csv::2020-11-22,Attack_heavy_Benign/Attacks/stateless_features-heavy_audio.pcap.csv_33398,200,32,0.16,1,1,window_N200_t0.714257_kn0.1
W00149,Attack_heavy_Benign/Attacks/stateless_features-heavy_audio.pcap.csv::2020-11-22,Attack_heavy_Benign/Attacks/stateless_features-heavy_audio.pcap.csv_33578,200,16,0.08,0,1,window_N200_t0.714257_kn0.1
W00150,Attack_heavy_Benign/Attacks/stateless_features-heavy_audio.pcap.csv::2020-11-22,Attack_heavy_Benign/Attacks/stateless_features-heavy_audio.pcap.csv_33758,200,27,0.135,1,1,window_N200_t0.714257_kn0.1
W00151,Attack_heavy_Benign/Attacks/stateless_features-heavy_audio.pcap.csv::2020-11-22,Attack_heavy_Benign/Attacks/stateless_features-heavy_audio.pcap.csv_33938,200,13,0.065,0,1,window_N200_t0.714257_kn0.1
W00152,Attack_heavy_Benign/Attacks/stateless_features-heavy_audio.pcap.csv::2020-11-22,Attack_heavy_Benign/Attacks/stateless_features-heavy_audio.pcap.csv_34117,200,18,0.09,0,1,window_N200_t0.714257_kn0.1
W00153,Attack_heavy_Benign/Attacks/stateless_features-heavy_audio.pcap.csv::2020-11-22,Attack_heavy_Benign/Attacks/stateless_features-heavy_audio.pcap.csv_34298,200,29,0.145,1,1,window_N200_t0.714257_kn0.1
W00154,Attack_heavy_Benign/Attacks/stateless_features-heavy_audio.pcap.csv::2020-11-22,Attack_heavy_Benign/Attacks/stateless_features-heavy_audio.pcap.csv_34478,200,19,0.095,0,1,window_N200_t0.714257_kn0.1
W00155,Attack_heavy_Benign/Attacks/stateless_features-heavy_audio.pcap.csv::2020-11-22,Attack_heavy_Benign/Attacks/stateless_features-heavy_audio.pcap.csv_34658,200,21,0.105,1,1,window_N200_t0.714257_kn0.1
W00156,Attack_heavy_Benign/Attacks/stateless_features-heavy_audio.pcap.csv::2020-11-22,Attack_heavy_Benign/Attacks/stateless_features-heavy_audio.pcap.csv_34838,200,23,0.115,1,1,window_N200_t0.714257_kn0.1
W00157,Attack_heavy_Benign/Attacks/stateless_features-heavy_audio.pcap.csv::2020-11-22,Attack_heavy_Benign/Attacks/stateless_features-heavy_audio.pcap.csv_35017,200,26,0.13,1,1,window_N200_t0.714257_kn0.1
W00158,Attack_heavy_Benign/Attacks/stateless_features-heavy_audio.pcap.csv::2020-11-22,Attack_heavy_Benign/Attacks/stateless_features-heavy_audio.pcap.csv_35198,200,17,0.085,0,1,window_N200_t0.714257_kn0.1
W00159,Attack_heavy_Benign/Attacks/stateless_features-heavy_audio.pcap.csv::2020-11-22,Attack_heavy_Benign/Attacks/stateless_features-heavy_audio.pcap.csv_35378,200,27,0.135,1,1,window_N200_t0.714257_kn0.1
W00160,Attack_heavy_Benign/Attacks/stateless_features-heavy_audio.pcap.csv::2020-11-22,Attack_heavy_Benign/Attacks/stateless_features-heavy_audio.pcap.csv_35558,200,17,0.085,0,1,window_N200_t0.714257_kn0.1
W00161,Attack_heavy_Benign/Attacks/stateless_features-heavy_audio.pcap.csv::2020-11-22,Attack_heavy_Benign/Attacks/stateless_features-heavy_audio.pcap.csv_35738,200,21,0.105,1,1,window_N200_t0.714257_kn0.1
W00162,Attack_heavy_Benign/Attacks/stateless_features-heavy_audio.pcap.csv::2020-11-22,Attack_heavy_Benign/Attacks/stateless_features-heavy_audio.pcap.csv_3702,200,24,0.12,1,1,window_N200_t0.714257_kn0.1
W00163,Attack_heavy_Benign/Attacks/stateless_features-heavy_audio.pcap.csv::2020-11-22,Attack_heavy_Benign/Attacks/stateless_features-heavy_audio.pcap.csv_3883,200,26,0.13,1,1,window_N200_t0.714257_kn0.1
W00164,Attack_heavy_Benign/Attacks/stateless_features-heavy_audio.pcap.csv::2020-11-22,Attack_heavy_Benign/Attacks/stateless_features-heavy_audio.pcap.csv_4062,200,15,0.075,0,1,window_N200_t0.714257_kn0.1
W00165,Attack_heavy_Benign/Attacks/stateless_features-heavy_audio.pcap.csv::2020-11-22,Attack_heavy_Benign/Attacks/stateless_features-heavy_audio.pcap.csv_4242,200,17,0.085,0,1,window_N200_t0.714257_kn0.1
W00166,Attack_heavy_Benign/Attacks/stateless_features-heavy_audio.pcap.csv::2020-11-22,Attack_heavy_Benign/Attacks/stateless_features-heavy_audio.pcap.csv_4422,200,29,0.145,1,1,window_N200_t0.714257_kn0.1
W00167,Attack_heavy_Benign/Attacks/stateless_features-heavy_audio.pcap.csv::2020-11-22,Attack_heavy_Benign/Attacks/stateless_features-heavy_audio.pcap.csv_4602,200,19,0.095,0,1,window_N200_t0.714257_kn0.1
W00168,Attack_heavy_Benign/Attacks/stateless_features-heavy_audio.pcap.csv::2020-11-22,Attack_heavy_Benign/Attacks/stateless_features-heavy_audio.pcap.csv_4783,200,14,0.07,0,1,window_N200_t0.714257_kn0.1
W00169,Attack_heavy_Benign/Attacks/stateless_features-heavy_audio.pcap.csv::2020-11-22,Attack_heavy_Benign/Attacks/stateless_features-heavy_audio.pcap.csv_4963,200,29,0.145,1,1,window_N200_t0.714257_kn0.1
W00170,Attack_heavy_Benign/Attacks/stateless_features-heavy_audio.pcap.csv::2020-11-22,Attack_heavy_Benign/Attacks/stateless_features-heavy_audio.pcap.csv_5142,200,16,0.08,0,1,window_N200_t0.714257_kn0.1
W00171,Attack_heavy_Benign/Attacks/stateless_features-heavy_audio.pcap.csv::2020-11-22,Attack_heavy_Benign/Attacks/stateless_features-heavy_audio.pcap.csv_5322,200,16,0.08,0,1,window_N200_t0.714257_kn0.1
W00172,Attack_heavy_Benign/Attacks/stateless_features-heavy_audio.pcap.csv::2020-11-22,Attack_heavy_Benign/Attacks/stateless_features-heavy_audio.pcap.csv_5502,200,26,0.13,1,1,window_N200_t0.714257_kn0.1
W00173,Attack_heavy_Benign/Attacks/stateless_features-heavy_audio.pcap.csv::2020-11-22,Attack_heavy_Benign/Attacks/stateless_features-heavy_audio.pcap.csv_5683,200,16,0.08,0,1,window_N200_t0.714257_kn0.1
W00174,Attack_heavy_Benign/Attacks/stateless_features-heavy_audio.pcap.csv::2020-11-22,Attack_heavy_Benign/Attacks/stateless_features-heavy_audio.pcap.csv_5863,200,15,0.075,0,1,window_N200_t0.714257_kn0.1
W00175,Attack_heavy_Benign/Attacks/stateless_features-heavy_audio.pcap.csv::2020-11-22,Attack_heavy_Benign/Attacks/stateless_features-heavy_audio.pcap.csv_6042,200,31,0.155,1,1,window_N200_t0.714257_kn0.1
W00176,Attack_heavy_Benign/Attacks/stateless_features-heavy_audio.pcap.csv::2020-11-22,Attack_heavy_Benign/Attacks/stateless_features-heavy_audio.pcap.csv_6222,200,15,0.075,0,1,window_N200_t0.714257_kn0.1
W00177,Attack_heavy_Benign/Attacks/stateless_features-heavy_audio.pcap.csv::2020-11-22,Attack_heavy_Benign/Attacks/stateless_features-heavy_audio.pcap.csv_6402,200,23,0.115,1,1,window_N200_t0.714257_kn0.1
W00178,Attack_heavy_Benign/Attacks/stateless_features-heavy_audio.pcap.csv::2020-11-22,Attack_heavy_Benign/Attacks/stateless_features-heavy_audio.pcap.csv_6583,200,25,0.125,1,1,window_N200_t0.714257_kn0.1
W00179,Attack_heavy_Benign/Attacks/stateless_features-heavy_audio.pcap.csv::2020-11-22,Attack_heavy_Benign/Attacks/stateless_features-heavy_audio.pcap.csv_6763,200,14,0.07,0,1,window_N200_t0.714257_kn0.1
W00180,Attack_heavy_Benign/Attacks/stateless_features-heavy_audio.pcap.csv::2020-11-22,Attack_heavy_Benign/Attacks/stateless_features-heavy_audio.pcap.csv_6943,200,26,0.13,1,1,window_N200_t0.714257_kn0.1
W00181,Attack_heavy_Benign/Attacks/stateless_features-heavy_audio.pcap.csv::2020-11-22,Attack_heavy_Benign/Attacks/stateless_features-heavy_audio.pcap.csv_7122,200,15,0.075,0,1,window_N200_t0.714257_kn0.1
W00182,Attack_heavy_Benign/Attacks/stateless_features-heavy_audio.pcap.csv::2020-11-22,Attack_heavy_Benign/Attacks/stateless_features-heavy_audio.pcap.csv_7302,200,16,0.08,0,1,window_N200_t0.714257_kn0.1
W00183,Attack_heavy_Benign/Attacks/stateless_features-heavy_audio.pcap.csv::2020-11-22,Attack_heavy_Benign/Attacks/stateless_features-heavy_audio.pcap.csv_7483,200,30,0.15,1,1,window_N200_t0.714257_kn0.1
W00184,Attack_heavy_Benign/Attacks/stateless_features-heavy_audio.pcap.csv::2020-11-22,Attack_heavy_Benign/Attacks/stateless_features-heavy_audio.pcap.csv_7663,200,18,0.09,0,1,window_N200_t0.714257_kn0.1
W00185,Attack_heavy_Benign/Attacks/stateless_features-heavy_audio.pcap.csv::2020-11-22,Attack_heavy_Benign/Attacks/stateless_features-heavy_audio.pcap.csv_7843,200,11,0.055,0,1,window_N200_t0.714257_kn0.1
W00186,Attack_heavy_Benign/Attacks/stateless_features-heavy_audio.pcap.csv::2020-11-22,Attack_heavy_Benign/Attacks/stateless_features-heavy_audio.pcap.csv_8022,200,30,0.15,1,1,window_N200_t0.714257_kn0.1
W00187,Attack_heavy_Benign/Attacks/stateless_features-heavy_audio.pcap.csv::2020-11-22,Attack_heavy_Benign/Attacks/stateless_features-heavy_audio.pcap.csv_8202,200,14,0.07,0,1,window_N200_t0.714257_kn0.1
W00188,Attack_heavy_Benign/Attacks/stateless_features-heavy_audio.pcap.csv::2020-11-22,Attack_heavy_Benign/Attacks/stateless_features-heavy_audio.pcap.csv_8383,200,15,0.075,0,1,window_N200_t0.714257_kn0.1
W00189,Attack_heavy_Benign/Attacks/stateless_features-heavy_audio.pcap.csv::2020-11-22,Attack_heavy_Benign/Attacks/stateless_features-heavy_audio.pcap.csv_8563,200,34,0.17,1,1,window_N200_t0.714257_kn0.1
W00190,Attack_heavy_Benign/Attacks/stateless_features-heavy_audio.pcap.csv::2020-11-22,Attack_heavy_Benign/Attacks/stateless_features-heavy_audio.pcap.csv_8743,200,22,0.11,1,1,window_N200_t0.714257_kn0.1
W00191,Attack_heavy_Benign/Attacks/stateless_features-heavy_audio.pcap.csv::2020-11-22,Attack_heavy_Benign/Attacks/stateless_features-heavy_audio.pcap.csv_8923,200,16,0.08,0,1,window_N200_t0.714257_kn0.1
W00192,Attack_heavy_Benign/Attacks/stateless_features-heavy_audio.pcap.csv::2020-11-22,Attack_heavy_Benign/Attacks/stateless_features-heavy_audio.pcap.csv_9102,200,28,0.14,1,1,window_N200_t0.714257_kn0.1
W00193,Attack_heavy_Benign/Attacks/stateless_features-heavy_audio.pcap.csv::2020-11-22,Attack_heavy_Benign/Attacks/stateless_features-heavy_audio.pcap.csv_9283,200,13,0.065,0,1,window_N200_t0.714257_kn0.1
W00194,Attack_heavy_Benign/Attacks/stateless_features-heavy_audio.pcap.csv::2020-11-22,Attack_heavy_Benign/Attacks/stateless_features-heavy_audio.pcap.csv_9463,200,18,0.09,0,1,window_N200_t0.714257_kn0.1
W00195,Attack_heavy_Benign/Attacks/stateless_features-heavy_audio.pcap.csv::2020-11-22,Attack_heavy_Benign/Attacks/stateless_features-heavy_audio.pcap.csv_9643,200,32,0.16,1,1,window_N200_t0.714257_kn0.1
W00196,Attack_heavy_Benign/Attacks/stateless_features-heavy_audio.pcap.csv::2020-11-22,Attack_heavy_Benign/Attacks/stateless_features-heavy_audio.pcap.csv_9823,195,20,0.10256410256410256,1,1,window_N200_t0.714257_kn0.1
W00197,Attack_heavy_Benign/Benign/stateless_features-benign_heavy_1.pcap.csv::2020-11-22,Attack_heavy_Benign/Benign/stateless_features-benign_heavy_1.pcap.csv_0,200,15,0.075,0,0,window_N200_t0.714257_kn0.1
W00198,Attack_heavy_Benign/Benign/stateless_features-benign_heavy_1.pcap.csv::2020-11-22,Attack_heavy_Benign/Benign/stateless_features-benign_heavy_1.pcap.csv_10177,200,6,0.03,0,0,window_N200_t0.714257_kn0.1
W00199,Attack_heavy_Benign/Benign/stateless_features-benign_heavy_1.pcap.csv::2020-11-22,Attack_heavy_Benign/Benign/stateless_features-benign_heavy_1.pcap.csv_10357,200,6,0.03,0,0,window_N200_t0.714257_kn0.1
W00200,Attack_heavy_Benign/Benign/stateless_features-benign_heavy_1.pcap.csv::2020-11-22,Attack_heavy_Benign/Benign/stateless_features-benign_heavy_1.pcap.csv_10537,200,4,0.02,0,0,window_N200_t0.714257_kn0.1
W00201,Attack_heavy_Benign/Benign/stateless_features-benign_heavy_1.pcap.csv::2020-11-22,Attack_heavy_Benign/Benign/stateless_features-benign_heavy_1.pcap.csv_10717,200,8,0.04,0,0,window_N200_t0.714257_kn0.1
W00202,Attack_heavy_Benign/Benign/stateless_features-benign_heavy_1.pcap.csv::2020-11-22,Attack_heavy_Benign/Benign/stateless_features-benign_heavy_1.pcap.csv_10898,200,6,0.03,0,0,window_N200_t0.714257_kn0.1
W00203,Attack_heavy_Benign/Benign/stateless_features-benign_heavy_1.pcap.csv::2020-11-22,Attack_heavy_Benign/Benign/stateless_features-benign_heavy_1.pcap.csv_11077,200,6,0.03,0,0,window_N200_t0.714257_kn0.1
W00204,Attack_heavy_Benign/Benign/stateless_features-benign_heavy_1.pcap.csv::2020-11-22,Attack_heavy_Benign/Benign/stateless_features-benign_heavy_1.pcap.csv_11257,200,15,0.075,0,0,window_N200_t0.714257_kn0.1
W00205,Attack_heavy_Benign/Benign/stateless_features-benign_heavy_1.pcap.csv::2020-11-22,Attack_heavy_Benign/Benign/stateless_features-benign_heavy_1.pcap.csv_11437,200,5,0.025,0,0,window_N200_t0.714257_kn0.1
W00206,Attack_heavy_Benign/Benign/stateless_features-benign_heavy_1.pcap.csv::2020-11-22,Attack_heavy_Benign/Benign/stateless_features-benign_heavy_1.pcap.csv_11617,200,8,0.04,0,0,window_N200_t0.714257_kn0.1
W00207,Attack_heavy_Benign/Benign/stateless_features-benign_heavy_1.pcap.csv::2020-11-22,Attack_heavy_Benign/Benign/stateless_features-benign_heavy_1.pcap.csv_11798,200,8,0.04,0,0,window_N200_t0.714257_kn0.1
W00208,Attack_heavy_Benign/Benign/stateless_features-benign_heavy_1.pcap.csv::2020-11-22,Attack_heavy_Benign/Benign/stateless_features-benign_heavy_1.pcap.csv_11978,200,2,0.01,0,0,window_N200_t0.714257_kn0.1
W00209,Attack_heavy_Benign/Benign/stateless_features-benign_heavy_1.pcap.csv::2020-11-22,Attack_heavy_Benign/Benign/stateless_features-benign_heavy_1.pcap.csv_12157,200,10,0.05,0,0,window_N200_t0.714257_kn0.1
W00210,Attack_heavy_Benign/Benign/stateless_features-benign_heavy_1.pcap.csv::2020-11-22,Attack_heavy_Benign/Benign/stateless_features-benign_heavy_1.pcap.csv_12337,200,8,0.04,0,0,window_N200_t0.714257_kn0.1
W00211,Attack_heavy_Benign/Benign/stateless_features-benign_heavy_1.pcap.csv::2020-11-22,Attack_heavy_Benign/Benign/stateless_features-benign_heavy_1.pcap.csv_12517,200,2,0.01,0,0,window_N200_t0.714257_kn0.1
W00212,Attack_heavy_Benign/Benign/stateless_features-benign_heavy_1.pcap.csv::2020-11-22,Attack_heavy_Benign/Benign/stateless_features-benign_heavy_1.pcap.csv_12698,200,7,0.035,0,0,window_N200_t0.714257_kn0.1
W00213,Attack_heavy_Benign/Benign/stateless_features-benign_heavy_1.pcap.csv::2020-11-22,Attack_heavy_Benign/Benign/stateless_features-benign_heavy_1.pcap.csv_12878,200,14,0.07,0,0,window_N200_t0.714257_kn0.1
W00214,Attack_heavy_Benign/Benign/stateless_features-benign_heavy_1.pcap.csv::2020-11-22,Attack_heavy_Benign/Benign/stateless_features-benign_heavy_1.pcap.csv_13057,200,6,0.03,0,0,window_N200_t0.714257_kn0.1
W00215,Attack_heavy_Benign/Benign/stateless_features-benign_heavy_1.pcap.csv::2020-11-22,Attack_heavy_Benign/Benign/stateless_features-benign_heavy_1.pcap.csv_13237,200,8,0.04,0,0,window_N200_t0.714257_kn0.1
W00216,Attack_heavy_Benign/Benign/stateless_features-benign_heavy_1.pcap.csv::2020-11-22,Attack_heavy_Benign/Benign/stateless_features-benign_heavy_1.pcap.csv_13417,200,2,0.01,0,0,window_N200_t0.714257_kn0.1
W00217,Attack_heavy_Benign/Benign/stateless_features-benign_heavy_1.pcap.csv::2020-11-22,Attack_heavy_Benign/Benign/stateless_features-benign_heavy_1.pcap.csv_13598,200,8,0.04,0,0,window_N200_t0.714257_kn0.1
W00218,Attack_heavy_Benign/Benign/stateless_features-benign_heavy_1.pcap.csv::2020-11-22,Attack_heavy_Benign/Benign/stateless_features-benign_heavy_1.pcap.csv_13778,200,7,0.035,0,0,window_N200_t0.714257_kn0.1
W00219,Attack_heavy_Benign/Benign/stateless_features-benign_heavy_1.pcap.csv::2020-11-22,Attack_heavy_Benign/Benign/stateless_features-benign_heavy_1.pcap.csv_13958,200,8,0.04,0,0,window_N200_t0.714257_kn0.1
W00220,Attack_heavy_Benign/Benign/stateless_features-benign_heavy_1.pcap.csv::2020-11-22,Attack_heavy_Benign/Benign/stateless_features-benign_heavy_1.pcap.csv_14137,200,16,0.08,0,0,window_N200_t0.714257_kn0.1
W00221,Attack_heavy_Benign/Benign/stateless_features-benign_heavy_1.pcap.csv::2020-11-22,Attack_heavy_Benign/Benign/stateless_features-benign_heavy_1.pcap.csv_14317,200,6,0.03,0,0,window_N200_t0.714257_kn0.1
W00222,Attack_heavy_Benign/Benign/stateless_features-benign_heavy_1.pcap.csv::2020-11-22,Attack_heavy_Benign/Benign/stateless_features-benign_heavy_1.pcap.csv_14498,200,8,0.04,0,0,window_N200_t0.714257_kn0.1
W00223,Attack_heavy_Benign/Benign/stateless_features-benign_heavy_1.pcap.csv::2020-11-22,Attack_heavy_Benign/Benign/stateless_features-benign_heavy_1.pcap.csv_14678,200,5,0.025,0,0,window_N200_t0.714257_kn0.1
W00224,Attack_heavy_Benign/Benign/stateless_features-benign_heavy_1.pcap.csv::2020-11-22,Attack_heavy_Benign/Benign/stateless_features-benign_heavy_1.pcap.csv_14858,200,8,0.04,0,0,window_N200_t0.714257_kn0.1
W00225,Attack_heavy_Benign/Benign/stateless_features-benign_heavy_1.pcap.csv::2020-11-22,Attack_heavy_Benign/Benign/stateless_features-benign_heavy_1.pcap.csv_15037,200,12,0.06,0,0,window_N200_t0.714257_kn0.1
W00226,Attack_heavy_Benign/Benign/stateless_features-benign_heavy_1.pcap.csv::2020-11-22,Attack_heavy_Benign/Benign/stateless_features-benign_heavy_1.pcap.csv_15217,200,16,0.08,0,0,window_N200_t0.714257_kn0.1
W00227,Attack_heavy_Benign/Benign/stateless_features-benign_heavy_1.pcap.csv::2020-11-22,Attack_heavy_Benign/Benign/stateless_features-benign_heavy_1.pcap.csv_15398,200,9,0.045,0,0,window_N200_t0.714257_kn0.1
W00228,Attack_heavy_Benign/Benign/stateless_features-benign_heavy_1.pcap.csv::2020-11-22,Attack_heavy_Benign/Benign/stateless_features-benign_heavy_1.pcap.csv_15578,200,14,0.07,0,0,window_N200_t0.714257_kn0.1
W00229,Attack_heavy_Benign/Benign/stateless_features-benign_heavy_1.pcap.csv::2020-11-22,Attack_heavy_Benign/Benign/stateless_features-benign_heavy_1.pcap.csv_15758,200,8,0.04,0,0,window_N200_t0.714257_kn0.1
W00230,Attack_heavy_Benign/Benign/stateless_features-benign_heavy_1.pcap.csv::2020-11-22,Attack_heavy_Benign/Benign/stateless_features-benign_heavy_1.pcap.csv_15938,200,4,0.02,0,0,window_N200_t0.714257_kn0.1
W00231,Attack_heavy_Benign/Benign/stateless_features-benign_heavy_1.pcap.csv::2020-11-22,Attack_heavy_Benign/Benign/stateless_features-benign_heavy_1.pcap.csv_16117,200,4,0.02,0,0,window_N200_t0.714257_kn0.1
W00232,Attack_heavy_Benign/Benign/stateless_features-benign_heavy_1.pcap.csv::2020-11-22,Attack_heavy_Benign/Benign/stateless_features-benign_heavy_1.pcap.csv_16298,200,7,0.035,0,0,window_N200_t0.714257_kn0.1
W00233,Attack_heavy_Benign/Benign/stateless_features-benign_heavy_1.pcap.csv::2020-11-22,Attack_heavy_Benign/Benign/stateless_features-benign_heavy_1.pcap.csv_16478,200,6,0.03,0,0,window_N200_t0.714257_kn0.1
W00234,Attack_heavy_Benign/Benign/stateless_features-benign_heavy_1.pcap.csv::2020-11-22,Attack_heavy_Benign/Benign/stateless_features-benign_heavy_1.pcap.csv_16658,200,6,0.03,0,0,window_N200_t0.714257_kn0.1
W00235,Attack_heavy_Benign/Benign/stateless_features-benign_heavy_1.pcap.csv::2020-11-22,Attack_heavy_Benign/Benign/stateless_features-benign_heavy_1.pcap.csv_16838,200,6,0.03,0,0,window_N200_t0.714257_kn0.1
W00236,Attack_heavy_Benign/Benign/stateless_features-benign_heavy_1.pcap.csv::2020-11-22,Attack_heavy_Benign/Benign/stateless_features-benign_heavy_1.pcap.csv_17017,200,16,0.08,0,0,window_N200_t0.714257_kn0.1
W00237,Attack_heavy_Benign/Benign/stateless_features-benign_heavy_1.pcap.csv::2020-11-22,Attack_heavy_Benign/Benign/stateless_features-benign_heavy_1.pcap.csv_17198,200,6,0.03,0,0,window_N200_t0.714257_kn0.1
W00238,Attack_heavy_Benign/Benign/stateless_features-benign_heavy_1.pcap.csv::2020-11-22,Attack_heavy_Benign/Benign/stateless_features-benign_heavy_1.pcap.csv_17378,200,8,0.04,0,0,window_N200_t0.714257_kn0.1
W00239,Attack_heavy_Benign/Benign/stateless_features-benign_heavy_1.pcap.csv::2020-11-22,Attack_heavy_Benign/Benign/stateless_features-benign_heavy_1.pcap.csv_17558,200,2,0.01,0,0,window_N200_t0.714257_kn0.1
W00240,Attack_heavy_Benign/Benign/stateless_features-benign_heavy_1.pcap.csv::2020-11-22,Attack_heavy_Benign/Benign/stateless_features-benign_heavy_1.pcap.csv_17738,200,7,0.035,0,0,window_N200_t0.714257_kn0.1
W00241,Attack_heavy_Benign/Benign/stateless_features-benign_heavy_1.pcap.csv::2020-11-22,Attack_heavy_Benign/Benign/stateless_features-benign_heavy_1.pcap.csv_17918,200,7,0.035,0,0,window_N200_t0.714257_kn0.1
W00242,Attack_heavy_Benign/Benign/stateless_features-benign_heavy_1.pcap.csv::2020-11-22,Attack_heavy_Benign/Benign/stateless_features-benign_heavy_1.pcap.csv_18098,200,2,0.01,0,0,window_N200_t0.714257_kn0.1
W00243,Attack_heavy_Benign/Benign/stateless_features-benign_heavy_1.pcap.csv::2020-11-22,Attack_heavy_Benign/Benign/stateless_features-benign_heavy_1.pcap.csv_18278,200,6,0.03,0,0,window_N200_t0.714257_kn0.1
W00244,Attack_heavy_Benign/Benign/stateless_features-benign_heavy_1.pcap.csv::2020-11-22,Attack_heavy_Benign/Benign/stateless_features-benign_heavy_1.pcap.csv_18458,200,22,0.11,1,0,window_N200_t0.714257_kn0.1
W00245,Attack_heavy_Benign/Benign/stateless_features-benign_heavy_1.pcap.csv::2020-11-22,Attack_heavy_Benign/Benign/stateless_features-benign_heavy_1.pcap.csv_18638,200,4,0.02,0,0,window_N200_t0.714257_kn0.1
W00246,Attack_heavy_Benign/Benign/stateless_features-benign_heavy_1.pcap.csv::2020-11-22,Attack_heavy_Benign/Benign/stateless_features-benign_heavy_1.pcap.csv_18818,200,6,0.03,0,0,window_N200_t0.714257_kn0.1
W00247,Attack_heavy_Benign/Benign/stateless_features-benign_heavy_1.pcap.csv::2020-11-22,Attack_heavy_Benign/Benign/stateless_features-benign_heavy_1.pcap.csv_18999,200,8,0.04,0,0,window_N200_t0.714257_kn0.1
W00248,Attack_heavy_Benign/Benign/stateless_features-benign_heavy_1.pcap.csv::2020-11-22,Attack_heavy_Benign/Benign/stateless_features-benign_heavy_1.pcap.csv_19178,200,4,0.02,0,0,window_N200_t0.714257_kn0.1
W00249,Attack_heavy_Benign/Benign/stateless_features-benign_heavy_1.pcap.csv::2020-11-22,Attack_heavy_Benign/Benign/stateless_features-benign_heavy_1.pcap.csv_19358,200,7,0.035,0,0,window_N200_t0.714257_kn0.1
W00250,Attack_heavy_Benign/Benign/stateless_features-benign_heavy_1.pcap.csv::2020-11-22,Attack_heavy_Benign/Benign/stateless_features-benign_heavy_1.pcap.csv_19538,200,10,0.05,0,0,window_N200_t0.714257_kn0.1
W00251,Attack_heavy_Benign/Benign/stateless_features-benign_heavy_1.pcap.csv::2020-11-22,Attack_heavy_Benign/Benign/stateless_features-benign_heavy_1.pcap.csv_19718,200,3,0.015,0,0,window_N200_t0.714257_kn0.1
W00252,Attack_heavy_Benign/Benign/stateless_features-benign_heavy_1.pcap.csv::2020-11-22,Attack_heavy_Benign/Benign/stateless_features-benign_heavy_1.pcap.csv_19899,200,18,0.09,0,0,window_N200_t0.714257_kn0.1
W00253,Attack_heavy_Benign/Benign/stateless_features-benign_heavy_1.pcap.csv::2020-11-22,Attack_heavy_Benign/Benign/stateless_features-benign_heavy_1.pcap.csv_20077,200,8,0.04,0,0,window_N200_t0.714257_kn0.1
W00254,Attack_heavy_Benign/Benign/stateless_features-benign_heavy_1.pcap.csv::2020-11-22,Attack_heavy_Benign/Benign/stateless_features-benign_heavy_1.pcap.csv_20257,200,2,0.01,0,0,window_N200_t0.714257_kn0.1
W00255,Attack_heavy_Benign/Benign/stateless_features-benign_heavy_1.pcap.csv::2020-11-22,Attack_heavy_Benign/Benign/stateless_features-benign_heavy_1.pcap.csv_20437,200,8,0.04,0,0,window_N200_t0.714257_kn0.1
W00256,Attack_heavy_Benign/Benign/stateless_features-benign_heavy_1.pcap.csv::2020-11-22,Attack_heavy_Benign/Benign/stateless_features-benign_heavy_1.pcap.csv_20617,200,2,0.01,0,0,window_N200_t0.714257_kn0.1
W00257,Attack_heavy_Benign/Benign/stateless_features-benign_heavy_1.pcap.csv::2020-11-22,Attack_heavy_Benign/Benign/stateless_features-benign_heavy_1.pcap.csv_20798,200,6,0.03,0,0,window_N200_t0.714257_kn0.1
W00258,Attack_heavy_Benign/Benign/stateless_features-benign_heavy_1.pcap.csv::2020-11-22,Attack_heavy_Benign/Benign/stateless_features-benign_heavy_1.pcap.csv_20978,200,6,0.03,0,0,window_N200_t0.714257_kn0.1
W00259,Attack_heavy_Benign/Benign/stateless_features-benign_heavy_1.pcap.csv::2020-11-22,Attack_heavy_Benign/Benign/stateless_features-benign_heavy_1.pcap.csv_21157,200,4,0.02,0,0,window_N200_t0.714257_kn0.1
W00260,Attack_heavy_Benign/Benign/stateless_features-benign_heavy_1.pcap.csv::2020-11-22,Attack_heavy_Benign/Benign/stateless_features-benign_heavy_1.pcap.csv_21337,200,18,0.09,0,0,window_N200_t0.714257_kn0.1
W00261,Attack_heavy_Benign/Benign/stateless_features-benign_heavy_1.pcap.csv::2020-11-22,Attack_heavy_Benign/Benign/stateless_features-benign_heavy_1.pcap.csv_21517,200,8,0.04,0,0,window_N200_t0.714257_kn0.1
W00262,Attack_heavy_Benign/Benign/stateless_features-benign_heavy_1.pcap.csv::2020-11-22,Attack_heavy_Benign/Benign/stateless_features-benign_heavy_1.pcap.csv_21698,200,6,0.03,0,0,window_N200_t0.714257_kn0.1
W00263,Attack_heavy_Benign/Benign/stateless_features-benign_heavy_1.pcap.csv::2020-11-22,Attack_heavy_Benign/Benign/stateless_features-benign_heavy_1.pcap.csv_21878,200,8,0.04,0,0,window_N200_t0.714257_kn0.1
W00264,Attack_heavy_Benign/Benign/stateless_features-benign_heavy_1.pcap.csv::2020-11-22,Attack_heavy_Benign/Benign/stateless_features-benign_heavy_1.pcap.csv_22057,200,8,0.04,0,0,window_N200_t0.714257_kn0.1
W00265,Attack_heavy_Benign/Benign/stateless_features-benign_heavy_1.pcap.csv::2020-11-22,Attack_heavy_Benign/Benign/stateless_features-benign_heavy_1.pcap.csv_22237,200,6,0.03,0,0,window_N200_t0.714257_kn0.1
W00266,Attack_heavy_Benign/Benign/stateless_features-benign_heavy_1.pcap.csv::2020-11-22,Attack_heavy_Benign/Benign/stateless_features-benign_heavy_1.pcap.csv_22417,200,4,0.02,0,0,window_N200_t0.714257_kn0.1
W00267,Attack_heavy_Benign/Benign/stateless_features-benign_heavy_1.pcap.csv::2020-11-22,Attack_heavy_Benign/Benign/stateless_features-benign_heavy_1.pcap.csv_22598,200,18,0.09,0,0,window_N200_t0.714257_kn0.1
W00268,Attack_heavy_Benign/Benign/stateless_features-benign_heavy_1.pcap.csv::2020-11-22,Attack_heavy_Benign/Benign/stateless_features-benign_heavy_1.pcap.csv_22778,200,7,0.035,0,0,window_N200_t0.714257_kn0.1
W00269,Attack_heavy_Benign/Benign/stateless_features-benign_heavy_1.pcap.csv::2020-11-22,Attack_heavy_Benign/Benign/stateless_features-benign_heavy_1.pcap.csv_22958,200,4,0.02,0,0,window_N200_t0.714257_kn0.1
W00270,Attack_heavy_Benign/Benign/stateless_features-benign_heavy_1.pcap.csv::2020-11-22,Attack_heavy_Benign/Benign/stateless_features-benign_heavy_1.pcap.csv_23137,200,8,0.04,0,0,window_N200_t0.714257_kn0.1
W00271,Attack_heavy_Benign/Benign/stateless_features-benign_heavy_1.pcap.csv::2020-11-22,Attack_heavy_Benign/Benign/stateless_features-benign_heavy_1.pcap.csv_23317,200,8,0.04,0,0,window_N200_t0.714257_kn0.1
W00272,Attack_heavy_Benign/Benign/stateless_features-benign_heavy_1.pcap.csv::2020-11-22,Attack_heavy_Benign/Benign/stateless_features-benign_heavy_1.pcap.csv_23498,200,8,0.04,0,0,window_N200_t0.714257_kn0.1
W00273,Attack_heavy_Benign/Benign/stateless_features-benign_heavy_1.pcap.csv::2020-11-22,Attack_heavy_Benign/Benign/stateless_features-benign_heavy_1.pcap.csv_23678,200,15,0.075,0,0,window_N200_t0.714257_kn0.1
W00274,Attack_heavy_Benign/Benign/stateless_features-benign_heavy_1.pcap.csv::2020-11-22,Attack_heavy_Benign/Benign/stateless_features-benign_heavy_1.pcap.csv_23858,200,7,0.035,0,0,window_N200_t0.714257_kn0.1
W00275,Attack_heavy_Benign/Benign/stateless_features-benign_heavy_1.pcap.csv::2020-11-22,Attack_heavy_Benign/Benign/stateless_features-benign_heavy_1.pcap.csv_24037,200,8,0.04,0,0,window_N200_t0.714257_kn0.1
W00276,Attack_heavy_Benign/Benign/stateless_features-benign_heavy_1.pcap.csv::2020-11-22,Attack_heavy_Benign/Benign/stateless_features-benign_heavy_1.pcap.csv_24217,200,6,0.03,0,0,window_N200_t0.714257_kn0.1
W00277,Attack_heavy_Benign/Benign/stateless_features-benign_heavy_1.pcap.csv::2020-11-22,Attack_heavy_Benign/Benign/stateless_features-benign_heavy_1.pcap.csv_24398,200,8,0.04,0,0,window_N200_t0.714257_kn0.1
W00278,Attack_heavy_Benign/Benign/stateless_features-benign_heavy_1.pcap.csv::2020-11-22,Attack_heavy_Benign/Benign/stateless_features-benign_heavy_1.pcap.csv_24578,200,2,0.01,0,0,window_N200_t0.714257_kn0.1
W00279,Attack_heavy_Benign/Benign/stateless_features-benign_heavy_1.pcap.csv::2020-11-22,Attack_heavy_Benign/Benign/stateless_features-benign_heavy_1.pcap.csv_24758,200,11,0.055,0,0,window_N200_t0.714257_kn0.1
W00280,Attack_heavy_Benign/Benign/stateless_features-benign_heavy_1.pcap.csv::2020-11-22,Attack_heavy_Benign/Benign/stateless_features-benign_heavy_1.pcap.csv_24938,200,20,0.1,1,0,window_N200_t0.714257_kn0.1
W00281,Attack_heavy_Benign/Benign/stateless_features-benign_heavy_1.pcap.csv::2020-11-22,Attack_heavy_Benign/Benign/stateless_features-benign_heavy_1.pcap.csv_25117,200,4,0.02,0,0,window_N200_t0.714257_kn0.1
W00282,Attack_heavy_Benign/Benign/stateless_features-benign_heavy_1.pcap.csv::2020-11-22,Attack_heavy_Benign/Benign/stateless_features-benign_heavy_1.pcap.csv_25298,200,10,0.05,0,0,window_N200_t0.714257_kn0.1
W00283,Attack_heavy_Benign/Benign/stateless_features-benign_heavy_1.pcap.csv::2020-11-22,Attack_heavy_Benign/Benign/stateless_features-benign_heavy_1.pcap.csv_25478,200,6,0.03,0,0,window_N200_t0.714257_kn0.1
W00284,Attack_heavy_Benign/Benign/stateless_features-benign_heavy_1.pcap.csv::2020-11-22,Attack_heavy_Benign/Benign/stateless_features-benign_heavy_1.pcap.csv_25658,200,8,0.04,0,0,window_N200_t0.714257_kn0.1
W00285,Attack_heavy_Benign/Benign/stateless_features-benign_heavy_1.pcap.csv::2020-11-22,Attack_heavy_Benign/Benign/stateless_features-benign_heavy_1.pcap.csv_25838,200,3,0.015,0,0,window_N200_t0.714257_kn0.1
W00286,Attack_heavy_Benign/Benign/stateless_features-benign_heavy_1.pcap.csv::2020-11-22,Attack_heavy_Benign/Benign/stateless_features-benign_heavy_1.pcap.csv_26017,200,8,0.04,0,0,window_N200_t0.714257_kn0.1
W00287,Attack_heavy_Benign/Benign/stateless_features-benign_heavy_1.pcap.csv::2020-11-22,Attack_heavy_Benign/Benign/stateless_features-benign_heavy_1.pcap.csv_26198,200,20,0.1,1,0,window_N200_t0.714257_kn0.1
W00288,Attack_heavy_Benign/Benign/stateless_features-benign_heavy_1.pcap.csv::2020-11-22,Attack_heavy_Benign/Benign/stateless_features-benign_heavy_1.pcap.csv_26378,200,8,0.04,0,0,window_N200_t0.714257_kn0.1
W00289,Attack_heavy_Benign/Benign/stateless_features-benign_heavy_1.pcap.csv::2020-11-22,Attack_heavy_Benign/Benign/stateless_features-benign_heavy_1.pcap.csv_26558,200,2,0.01,0,0,window_N200_t0.714257_kn0.1
W00290,Attack_heavy_Benign/Benign/stateless_features-benign_heavy_1.pcap.csv::2020-11-22,Attack_heavy_Benign/Benign/stateless_features-benign_heavy_1.pcap.csv_26738,200,9,0.045,0,0,window_N200_t0.714257_kn0.1
W00291,Attack_heavy_Benign/Benign/stateless_features-benign_heavy_1.pcap.csv::2020-11-22,Attack_heavy_Benign/Benign/stateless_features-benign_heavy_1.pcap.csv_26918,200,6,0.03,0,0,window_N200_t0.714257_kn0.1
W00292,Attack_heavy_Benign/Benign/stateless_features-benign_heavy_1.pcap.csv::2020-11-22,Attack_heavy_Benign/Benign/stateless_features-benign_heavy_1.pcap.csv_27098,200,9,0.045,0,0,window_N200_t0.714257_kn0.1
W00293,Attack_heavy_Benign/Benign/stateless_features-benign_heavy_1.pcap.csv::2020-11-22,Attack_heavy_Benign/Benign/stateless_features-benign_heavy_1.pcap.csv_27278,200,2,0.01,0,0,window_N200_t0.714257_kn0.1
W00294,Attack_heavy_Benign/Benign/stateless_features-benign_heavy_1.pcap.csv::2020-11-22,Attack_heavy_Benign/Benign/stateless_features-benign_heavy_1.pcap.csv_27458,200,20,0.1,1,0,window_N200_t0.714257_kn0.1
W00295,Attack_heavy_Benign/Benign/stateless_features-benign_heavy_1.pcap.csv::2020-11-22,Attack_heavy_Benign/Benign/stateless_features-benign_heavy_1.pcap.csv_27638,200,11,0.055,0,0,window_N200_t0.714257_kn0.1
W00296,Attack_heavy_Benign/Benign/stateless_features-benign_heavy_1.pcap.csv::2020-11-22,Attack_heavy_Benign/Benign/stateless_features-benign_heavy_1.pcap.csv_27818,200,2,0.01,0,0,window_N200_t0.714257_kn0.1
W00297,Attack_heavy_Benign/Benign/stateless_features-benign_heavy_1.pcap.csv::2020-11-22,Attack_heavy_Benign/Benign/stateless_features-benign_heavy_1.pcap.csv_27999,200,11,0.055,0,0,window_N200_t0.714257_kn0.1
W00298,Attack_heavy_Benign/Benign/stateless_features-benign_heavy_1.pcap.csv::2020-11-22,Attack_heavy_Benign/Benign/stateless_features-benign_heavy_1.pcap.csv_28178,200,6,0.03,0,0,window_N200_t0.714257_kn0.1
W00299,Attack_heavy_Benign/Benign/stateless_features-benign_heavy_1.pcap.csv::2020-11-22,Attack_heavy_Benign/Benign/stateless_features-benign_heavy_1.pcap.csv_28358,200,6,0.03,0,0,window_N200_t0.714257_kn0.1
W00300,Attack_heavy_Benign/Benign/stateless_features-benign_heavy_1.pcap.csv::2020-11-22,Attack_heavy_Benign/Benign/stateless_features-benign_heavy_1.pcap.csv_28538,200,4,0.02,0,0,window_N200_t0.714257_kn0.1
W00301,Attack_heavy_Benign/Benign/stateless_features-benign_heavy_1.pcap.csv::2020-11-22,Attack_heavy_Benign/Benign/stateless_features-benign_heavy_1.pcap.csv_28718,200,19,0.095,0,0,window_N200_t0.714257_kn0.1
W00302,Attack_heavy_Benign/Benign/stateless_features-benign_heavy_1.pcap.csv::2020-11-22,Attack_heavy_Benign/Benign/stateless_features-benign_heavy_1.pcap.csv_28899,200,9,0.045,0,0,window_N200_t0.714257_kn0.1
W00303,Attack_heavy_Benign/Benign/stateless_features-benign_heavy_1.pcap.csv::2020-11-22,Attack_heavy_Benign/Benign/stateless_features-benign_heavy_1.pcap.csv_29078,200,9,0.045,0,0,window_N200_t0.714257_kn0.1
W00304,Attack_heavy_Benign/Benign/stateless_features-benign_heavy_1.pcap.csv::2020-11-22,Attack_heavy_Benign/Benign/stateless_features-benign_heavy_1.pcap.csv_29258,200,9,0.045,0,0,window_N200_t0.714257_kn0.1
W00305,Attack_heavy_Benign/Benign/stateless_features-benign_heavy_1.pcap.csv::2020-11-22,Attack_heavy_Benign/Benign/stateless_features-benign_heavy_1.pcap.csv_29438,200,6,0.03,0,0,window_N200_t0.714257_kn0.1
W00306,Attack_heavy_Benign/Benign/stateless_features-benign_heavy_1.pcap.csv::2020-11-22,Attack_heavy_Benign/Benign/stateless_features-benign_heavy_1.pcap.csv_29618,200,6,0.03,0,0,window_N200_t0.714257_kn0.1
W00307,Attack_heavy_Benign/Benign/stateless_features-benign_heavy_1.pcap.csv::2020-11-22,Attack_heavy_Benign/Benign/stateless_features-benign_heavy_1.pcap.csv_29799,200,4,0.02,0,0,window_N200_t0.714257_kn0.1
W00308,Attack_heavy_Benign/Benign/stateless_features-benign_heavy_1.pcap.csv::2020-11-22,Attack_heavy_Benign/Benign/stateless_features-benign_heavy_1.pcap.csv_29979,200,6,0.03,0,0,window_N200_t0.714257_kn0.1
W00309,Attack_heavy_Benign/Benign/stateless_features-benign_heavy_1.pcap.csv::2020-11-22,Attack_heavy_Benign/Benign/stateless_features-benign_heavy_1.pcap.csv_30157,200,23,0.115,1,0,window_N200_t0.714257_kn0.1
W00310,Attack_heavy_Benign/Benign/stateless_features-benign_heavy_1.pcap.csv::2020-11-22,Attack_heavy_Benign/Benign/stateless_features-benign_heavy_1.pcap.csv_30337,200,12,0.06,0,0,window_N200_t0.714257_kn0.1
W00311,Attack_heavy_Benign/Benign/stateless_features-benign_heavy_1.pcap.csv::2020-11-22,Attack_heavy_Benign/Benign/stateless_features-benign_heavy_1.pcap.csv_30517,200,11,0.055,0,0,window_N200_t0.714257_kn0.1
W00312,Attack_heavy_Benign/Benign/stateless_features-benign_heavy_1.pcap.csv::2020-11-22,Attack_heavy_Benign/Benign/stateless_features-benign_heavy_1.pcap.csv_30698,200,6,0.03,0,0,window_N200_t0.714257_kn0.1
W00313,Attack_heavy_Benign/Benign/stateless_features-benign_heavy_1.pcap.csv::2020-11-22,Attack_heavy_Benign/Benign/stateless_features-benign_heavy_1.pcap.csv_30878,200,4,0.02,0,0,window_N200_t0.714257_kn0.1
W00314,Attack_heavy_Benign/Benign/stateless_features-benign_heavy_1.pcap.csv::2020-11-22,Attack_heavy_Benign/Benign/stateless_features-benign_heavy_1.pcap.csv_31057,200,6,0.03,0,0,window_N200_t0.714257_kn0.1
W00315,Attack_heavy_Benign/Benign/stateless_features-benign_heavy_1.pcap.csv::2020-11-22,Attack_heavy_Benign/Benign/stateless_features-benign_heavy_1.pcap.csv_31237,200,8,0.04,0,0,window_N200_t0.714257_kn0.1
W00316,Attack_heavy_Benign/Benign/stateless_features-benign_heavy_1.pcap.csv::2020-11-22,Attack_heavy_Benign/Benign/stateless_features-benign_heavy_1.pcap.csv_31417,200,16,0.08,0,0,window_N200_t0.714257_kn0.1
W00317,Attack_heavy_Benign/Benign/stateless_features-benign_heavy_1.pcap.csv::2020-11-22,Attack_heavy_Benign/Benign/stateless_features-benign_heavy_1.pcap.csv_31598,200,4,0.02,0,0,window_N200_t0.714257_kn0.1
W00318,Attack_heavy_Benign/Benign/stateless_features-benign_heavy_1.pcap.csv::2020-11-22,Attack_heavy_Benign/Benign/stateless_features-benign_heavy_1.pcap.csv_31778,200,6,0.03,0,0,window_N200_t0.714257_kn0.1
W00319,Attack_heavy_Benign/Benign/stateless_features-benign_heavy_1.pcap.csv::2020-11-22,Attack_heavy_Benign/Benign/stateless_features-benign_heavy_1.pcap.csv_31958,200,8,0.04,0,0,window_N200_t0.714257_kn0.1
W00320,Attack_heavy_Benign/Benign/stateless_features-benign_heavy_1.pcap.csv::2020-11-22,Attack_heavy_Benign/Benign/stateless_features-benign_heavy_1.pcap.csv_32137,200,10,0.05,0,0,window_N200_t0.714257_kn0.1
W00321,Attack_heavy_Benign/Benign/stateless_features-benign_heavy_1.pcap.csv::2020-11-22,Attack_heavy_Benign/Benign/stateless_features-benign_heavy_1.pcap.csv_32317,200,2,0.01,0,0,window_N200_t0.714257_kn0.1
W00322,Attack_heavy_Benign/Benign/stateless_features-benign_heavy_1.pcap.csv::2020-11-22,Attack_heavy_Benign/Benign/stateless_features-benign_heavy_1.pcap.csv_32498,200,20,0.1,1,0,window_N200_t0.714257_kn0.1
W00323,Attack_heavy_Benign/Benign/stateless_features-benign_heavy_1.pcap.csv::2020-11-22,Attack_heavy_Benign/Benign/stateless_features-benign_heavy_1.pcap.csv_32678,200,7,0.035,0,0,window_N200_t0.714257_kn0.1
W00324,Attack_heavy_Benign/Benign/stateless_features-benign_heavy_1.pcap.csv::2020-11-22,Attack_heavy_Benign/Benign/stateless_features-benign_heavy_1.pcap.csv_32858,200,6,0.03,0,0,window_N200_t0.714257_kn0.1
W00325,Attack_heavy_Benign/Benign/stateless_features-benign_heavy_1.pcap.csv::2020-11-22,Attack_heavy_Benign/Benign/stateless_features-benign_heavy_1.pcap.csv_33037,200,4,0.02,0,0,window_N200_t0.714257_kn0.1
W00326,Attack_heavy_Benign/Benign/stateless_features-benign_heavy_1.pcap.csv::2020-11-22,Attack_heavy_Benign/Benign/stateless_features-benign_heavy_1.pcap.csv_33217,200,8,0.04,0,0,window_N200_t0.714257_kn0.1
W00327,Attack_heavy_Benign/Benign/stateless_features-benign_heavy_1.pcap.csv::2020-11-22,Attack_heavy_Benign/Benign/stateless_features-benign_heavy_1.pcap.csv_33398,200,8,0.04,0,0,window_N200_t0.714257_kn0.1
W00328,Attack_heavy_Benign/Benign/stateless_features-benign_heavy_1.pcap.csv::2020-11-22,Attack_heavy_Benign/Benign/stateless_features-benign_heavy_1.pcap.csv_33578,200,6,0.03,0,0,window_N200_t0.714257_kn0.1
W00329,Attack_heavy_Benign/Benign/stateless_features-benign_heavy_1.pcap.csv::2020-11-22,Attack_heavy_Benign/Benign/stateless_features-benign_heavy_1.pcap.csv_33758,200,10,0.05,0,0,window_N200_t0.714257_kn0.1
W00330,Attack_heavy_Benign/Benign/stateless_features-benign_heavy_1.pcap.csv::2020-11-22,Attack_heavy_Benign/Benign/stateless_features-benign_heavy_1.pcap.csv_33938,200,16,0.08,0,0,window_N200_t0.714257_kn0.1
W00331,Attack_heavy_Benign/Benign/stateless_features-benign_heavy_1.pcap.csv::2020-11-22,Attack_heavy_Benign/Benign/stateless_features-benign_heavy_1.pcap.csv_34117,200,3,0.015,0,0,window_N200_t0.714257_kn0.1
W00332,Attack_heavy_Benign/Benign/stateless_features-benign_heavy_1.pcap.csv::2020-11-22,Attack_heavy_Benign/Benign/stateless_features-benign_heavy_1.pcap.csv_34298,200,8,0.04,0,0,window_N200_t0.714257_kn0.1
W00333,Attack_heavy_Benign/Benign/stateless_features-benign_heavy_1.pcap.csv::2020-11-22,Attack_heavy_Benign/Benign/stateless_features-benign_heavy_1.pcap.csv_34478,200,7,0.035,0,0,window_N200_t0.714257_kn0.1
W00334,Attack_heavy_Benign/Benign/stateless_features-benign_heavy_1.pcap.csv::2020-11-22,Attack_heavy_Benign/Benign/stateless_features-benign_heavy_1.pcap.csv_34658,200,8,0.04,0,0,window_N200_t0.714257_kn0.1
W00335,Attack_heavy_Benign/Benign/stateless_features-benign_heavy_1.pcap.csv::2020-11-22,Attack_heavy_Benign/Benign/stateless_features-benign_heavy_1.pcap.csv_34838,200,2,0.01,0,0,window_N200_t0.714257_kn0.1
W00336,Attack_heavy_Benign/Benign/stateless_features-benign_heavy_1.pcap.csv::2020-11-22,Attack_heavy_Benign/Benign/stateless_features-benign_heavy_1.pcap.csv_35017,200,20,0.1,1,0,window_N200_t0.714257_kn0.1
W00337,Attack_heavy_Benign/Benign/stateless_features-benign_heavy_1.pcap.csv::2020-11-22,Attack_heavy_Benign/Benign/stateless_features-benign_heavy_1.pcap.csv_35198,200,8,0.04,0,0,window_N200_t0.714257_kn0.1
W00338,Attack_heavy_Benign/Benign/stateless_features-benign_heavy_1.pcap.csv::2020-11-22,Attack_heavy_Benign/Benign/stateless_features-benign_heavy_1.pcap.csv_35378,200,8,0.04,0,0,window_N200_t0.714257_kn0.1
W00339,Attack_heavy_Benign/Benign/stateless_features-benign_heavy_1.pcap.csv::2020-11-22,Attack_heavy_Benign/Benign/stateless_features-benign_heavy_1.pcap.csv_35558,200,6,0.03,0,0,window_N200_t0.714257_kn0.1
W00340,Attack_heavy_Benign/Benign/stateless_features-benign_heavy_1.pcap.csv::2020-11-22,Attack_heavy_Benign/Benign/stateless_features-benign_heavy_1.pcap.csv_35738,200,4,0.02,0,0,window_N200_t0.714257_kn0.1
W00341,Attack_heavy_Benign/Benign/stateless_features-benign_heavy_1.pcap.csv::2020-11-22,Attack_heavy_Benign/Benign/stateless_features-benign_heavy_1.pcap.csv_35918,200,8,0.04,0,0,window_N200_t0.714257_kn0.1
W00342,Attack_heavy_Benign/Benign/stateless_features-benign_heavy_1.pcap.csv::2020-11-22,Attack_heavy_Benign/Benign/stateless_features-benign_heavy_1.pcap.csv_36098,200,6,0.03,0,0,window_N200_t0.714257_kn0.1
W00343,Attack_heavy_Benign/Benign/stateless_features-benign_heavy_1.pcap.csv::2020-11-22,Attack_heavy_Benign/Benign/stateless_features-benign_heavy_1.pcap.csv_36278,200,23,0.115,1,0,window_N200_t0.714257_kn0.1
W00344,Attack_heavy_Benign/Benign/stateless_features-benign_heavy_1.pcap.csv::2020-11-22,Attack_heavy_Benign/Benign/stateless_features-benign_heavy_1.pcap.csv_36458,200,5,0.025,0,0,window_N200_t0.714257_kn0.1
W00345,Attack_heavy_Benign/Benign/stateless_features-benign_heavy_1.pcap.csv::2020-11-22,Attack_heavy_Benign/Benign/stateless_features-benign_heavy_1.pcap.csv_36638,200,6,0.03,0,0,window_N200_t0.714257_kn0.1
W00346,Attack_heavy_Benign/Benign/stateless_features-benign_heavy_1.pcap.csv::2020-11-22,Attack_heavy_Benign/Benign/stateless_features-benign_heavy_1.pcap.csv_36818,200,8,0.04,0,0,window_N200_t0.714257_kn0.1
W00347,Attack_heavy_Benign/Benign/stateless_features-benign_heavy_1.pcap.csv::2020-11-22,Attack_heavy_Benign/Benign/stateless_features-benign_heavy_1.pcap.csv_36999,200,4,0.02,0,0,window_N200_t0.714257_kn0.1
W00348,Attack_heavy_Benign/Benign/stateless_features-benign_heavy_1.pcap.csv::2020-11-22,Attack_heavy_Benign/Benign/stateless_features-benign_heavy_1.pcap.csv_37178,200,8,0.04,0,0,window_N200_t0.714257_kn0.1
W00349,Attack_heavy_Benign/Benign/stateless_features-benign_heavy_1.pcap.csv::2020-11-22,Attack_heavy_Benign/Benign/stateless_features-benign_heavy_1.pcap.csv_37358,200,6,0.03,0,0,window_N200_t0.714257_kn0.1
W00350,Attack_heavy_Benign/Benign/stateless_features-benign_heavy_1.pcap.csv::2020-11-22,Attack_heavy_Benign/Benign/stateless_features-benign_heavy_1.pcap.csv_37538,200,18,0.09,0,0,window_N200_t0.714257_kn0.1
W00351,Attack_heavy_Benign/Benign/stateless_features-benign_heavy_1.pcap.csv::2020-11-22,Attack_heavy_Benign/Benign/stateless_features-benign_heavy_1.pcap.csv_37718,200,4,0.02,0,0,window_N200_t0.714257_kn0.1
W00352,Attack_heavy_Benign/Benign/stateless_features-benign_heavy_1.pcap.csv::2020-11-22,Attack_heavy_Benign/Benign/stateless_features-benign_heavy_1.pcap.csv_37899,200,12,0.06,0,0,window_N200_t0.714257_kn0.1
W00353,Attack_heavy_Benign/Benign/stateless_features-benign_heavy_1.pcap.csv::2020-11-22,Attack_heavy_Benign/Benign/stateless_features-benign_heavy_1.pcap.csv_38078,200,8,0.04,0,0,window_N200_t0.714257_kn0.1
W00354,Attack_heavy_Benign/Benign/stateless_features-benign_heavy_1.pcap.csv::2020-11-22,Attack_heavy_Benign/Benign/stateless_features-benign_heavy_1.pcap.csv_38258,200,6,0.03,0,0,window_N200_t0.714257_kn0.1
W00355,Attack_heavy_Benign/Benign/stateless_features-benign_heavy_1.pcap.csv::2020-11-22,Attack_heavy_Benign/Benign/stateless_features-benign_heavy_1.pcap.csv_38438,200,6,0.03,0,0,window_N200_t0.714257_kn0.1
W00356,Attack_heavy_Benign/Benign/stateless_features-benign_heavy_1.pcap.csv::2020-11-22,Attack_heavy_Benign/Benign/stateless_features-benign_heavy_1.pcap.csv_38618,200,4,0.02,0,0,window_N200_t0.714257_kn0.1
W00357,Attack_heavy_Benign/Benign/stateless_features-benign_heavy_1.pcap.csv::2020-11-22,Attack_heavy_Benign/Benign/stateless_features-benign_heavy_1.pcap.csv_38799,200,18,0.09,0,0,window_N200_t0.714257_kn0.1
W00358,Attack_heavy_Benign/Benign/stateless_features-benign_heavy_1.pcap.csv::2020-11-22,Attack_heavy_Benign/Benign/stateless_features-benign_heavy_1.pcap.csv_38979,200,10,0.05,0,0,window_N200_t0.714257_kn0.1
W00359,Attack_heavy_Benign/Benign/stateless_features-benign_heavy_1.pcap.csv::2020-11-22,Attack_heavy_Benign/Benign/stateless_features-benign_heavy_1.pcap.csv_39158,200,6,0.03,0,0,window_N200_t0.714257_kn0.1
W00360,Attack_heavy_Benign/Benign/stateless_features-benign_heavy_1.pcap.csv::2020-11-22,Attack_heavy_Benign/Benign/stateless_features-benign_heavy_1.pcap.csv_39338,200,6,0.03,0,0,window_N200_t0.714257_kn0.1
W00361,Attack_heavy_Benign/Benign/stateless_features-benign_heavy_1.pcap.csv::2020-11-22,Attack_heavy_Benign/Benign/stateless_features-benign_heavy_1.pcap.csv_39518,200,7,0.035,0,0,window_N200_t0.714257_kn0.1
W00362,Attack_heavy_Benign/Benign/stateless_features-benign_heavy_1.pcap.csv::2020-11-22,Attack_heavy_Benign/Benign/stateless_features-benign_heavy_1.pcap.csv_39699,200,3,0.015,0,0,window_N200_t0.714257_kn0.1
W00363,Attack_heavy_Benign/Benign/stateless_features-benign_heavy_1.pcap.csv::2020-11-22,Attack_heavy_Benign/Benign/stateless_features-benign_heavy_1.pcap.csv_39879,200,7,0.035,0,0,window_N200_t0.714257_kn0.1
W00364,Attack_heavy_Benign/Benign/stateless_features-benign_heavy_1.pcap.csv::2020-11-22,Attack_heavy_Benign/Benign/stateless_features-benign_heavy_1.pcap.csv_40057,200,22,0.11,1,0,window_N200_t0.714257_kn0.1
W00365,Attack_heavy_Benign/Benign/stateless_features-benign_heavy_1.pcap.csv::2020-11-22,Attack_heavy_Benign/Benign/stateless_features-benign_heavy_1.pcap.csv_40237,200,2,0.01,0,0,window_N200_t0.714257_kn0.1
W00366,Attack_heavy_Benign/Benign/stateless_features-benign_heavy_1.pcap.csv::2020-11-22,Attack_heavy_Benign/Benign/stateless_features-benign_heavy_1.pcap.csv_40417,200,8,0.04,0,0,window_N200_t0.714257_kn0.1
W00367,Attack_heavy_Benign/Benign/stateless_features-benign_heavy_1.pcap.csv::2020-11-22,Attack_heavy_Benign/Benign/stateless_features-benign_heavy_1.pcap.csv_40598,200,6,0.03,0,0,window_N200_t0.714257_kn0.1
W00368,Attack_heavy_Benign/Benign/stateless_features-benign_heavy_1.pcap.csv::2020-11-22,Attack_heavy_Benign/Benign/stateless_features-benign_heavy_1.pcap.csv_40778,200,6,0.03,0,0,window_N200_t0.714257_kn0.1
W00369,Attack_heavy_Benign/Benign/stateless_features-benign_heavy_1.pcap.csv::2020-11-22,Attack_heavy_Benign/Benign/stateless_features-benign_heavy_1.pcap.csv_40958,200,4,0.02,0,0,window_N200_t0.714257_kn0.1
W00370,Attack_heavy_Benign/Benign/stateless_features-benign_heavy_1.pcap.csv::2020-11-22,Attack_heavy_Benign/Benign/stateless_features-benign_heavy_1.pcap.csv_41137,200,6,0.03,0,0,window_N200_t0.714257_kn0.1
W00371,Attack_heavy_Benign/Benign/stateless_features-benign_heavy_1.pcap.csv::2020-11-22,Attack_heavy_Benign/Benign/stateless_features-benign_heavy_1.pcap.csv_41317,200,22,0.11,1,0,window_N200_t0.714257_kn0.1
W00372,Attack_heavy_Benign/Benign/stateless_features-benign_heavy_1.pcap.csv::2020-11-22,Attack_heavy_Benign/Benign/stateless_features-benign_heavy_1.pcap.csv_41498,200,5,0.025,0,0,window_N200_t0.714257_kn0.1
W00373,Attack_heavy_Benign/Benign/stateless_features-benign_heavy_1.pcap.csv::2020-11-22,Attack_heavy_Benign/Benign/stateless_features-benign_heavy_1.pcap.csv_41678,200,8,0.04,0,0,window_N200_t0.714257_kn0.1
W00374,Attack_heavy_Benign/Benign/stateless_features-benign_heavy_1.pcap.csv::2020-11-22,Attack_heavy_Benign/Benign/stateless_features-benign_heavy_1.pcap.csv_41858,200,8,0.04,0,0,window_N200_t0.714257_kn0.1
W00375,Attack_heavy_Benign/Benign/stateless_features-benign_heavy_1.pcap.csv::2020-11-22,Attack_heavy_Benign/Benign/stateless_features-benign_heavy_1.pcap.csv_42037,200,3,0.015,0,0,window_N200_t0.714257_kn0.1
W00376,Attack_heavy_Benign/Benign/stateless_features-benign_heavy_1.pcap.csv::2020-11-22,Attack_heavy_Benign/Benign/stateless_features-benign_heavy_1.pcap.csv_42217,200,6,0.03,0,0,window_N200_t0.714257_kn0.1
W00377,Attack_heavy_Benign/Benign/stateless_features-benign_heavy_1.pcap.csv::2020-11-22,Attack_heavy_Benign/Benign/stateless_features-benign_heavy_1.pcap.csv_42398,200,7,0.035,0,0,window_N200_t0.714257_kn0.1
W00378,Attack_heavy_Benign/Benign/stateless_features-benign_heavy_1.pcap.csv::2020-11-22,Attack_heavy_Benign/Benign/stateless_features-benign_heavy_1.pcap.csv_42578,200,4,0.02,0,0,window_N200_t0.714257_kn0.1
W00379,Attack_heavy_Benign/Benign/stateless_features-benign_heavy_1.pcap.csv::2020-11-22,Attack_heavy_Benign/Benign/stateless_features-benign_heavy_1.pcap.csv_42758,200,20,0.1,1,0,window_N200_t0.714257_kn0.1
W00380,Attack_heavy_Benign/Benign/stateless_features-benign_heavy_1.pcap.csv::2020-11-22,Attack_heavy_Benign/Benign/stateless_features-benign_heavy_1.pcap.csv_42938,200,2,0.01,0,0,window_N200_t0.714257_kn0.1
W00381,Attack_heavy_Benign/Benign/stateless_features-benign_heavy_1.pcap.csv::2020-11-22,Attack_heavy_Benign/Benign/stateless_features-benign_heavy_1.pcap.csv_43117,200,8,0.04,0,0,window_N200_t0.714257_kn0.1
W00382,Attack_heavy_Benign/Benign/stateless_features-benign_heavy_1.pcap.csv::2020-11-22,Attack_heavy_Benign/Benign/stateless_features-benign_heavy_1.pcap.csv_43298,200,6,0.03,0,0,window_N200_t0.714257_kn0.1
W00383,Attack_heavy_Benign/Benign/stateless_features-benign_heavy_1.pcap.csv::2020-11-22,Attack_heavy_Benign/Benign/stateless_features-benign_heavy_1.pcap.csv_43478,200,2,0.01,0,0,window_N200_t0.714257_kn0.1
W00384,Attack_heavy_Benign/Benign/stateless_features-benign_heavy_1.pcap.csv::2020-11-22,Attack_heavy_Benign/Benign/stateless_features-benign_heavy_1.pcap.csv_43658,200,8,0.04,0,0,window_N200_t0.714257_kn0.1
W00385,Attack_heavy_Benign/Benign/stateless_features-benign_heavy_1.pcap.csv::2020-11-22,Attack_heavy_Benign/Benign/stateless_features-benign_heavy_1.pcap.csv_43838,200,10,0.05,0,0,window_N200_t0.714257_kn0.1
W00386,Attack_heavy_Benign/Benign/stateless_features-benign_heavy_1.pcap.csv::2020-11-22,Attack_heavy_Benign/Benign/stateless_features-benign_heavy_1.pcap.csv_44017,200,5,0.025,0,0,window_N200_t0.714257_kn0.1
W00387,Attack_heavy_Benign/Benign/stateless_features-benign_heavy_1.pcap.csv::2020-11-22,Attack_heavy_Benign/Benign/stateless_features-benign_heavy_1.pcap.csv_44198,200,27,0.135,1,0,window_N200_t0.714257_kn0.1
W00388,Attack_heavy_Benign/Benign/stateless_features-benign_heavy_1.pcap.csv::2020-11-22,Attack_heavy_Benign/Benign/stateless_features-benign_heavy_1.pcap.csv_44378,200,10,0.05,0,0,window_N200_t0.714257_kn0.1
W00389,Attack_heavy_Benign/Benign/stateless_features-benign_heavy_1.pcap.csv::2020-11-22,Attack_heavy_Benign/Benign/stateless_features-benign_heavy_1.pcap.csv_44558,200,4,0.02,0,0,window_N200_t0.714257_kn0.1
W00390,Attack_heavy_Benign/Benign/stateless_features-benign_heavy_1.pcap.csv::2020-11-22,Attack_heavy_Benign/Benign/stateless_features-benign_heavy_1.pcap.csv_44738,200,6,0.03,0,0,window_N200_t0.714257_kn0.1
W00391,Attack_heavy_Benign/Benign/stateless_features-benign_heavy_1.pcap.csv::2020-11-22,Attack_heavy_Benign/Benign/stateless_features-benign_heavy_1.pcap.csv_44918,200,8,0.04,0,0,window_N200_t0.714257_kn0.1
W00392,Attack_heavy_Benign/Benign/stateless_features-benign_heavy_1.pcap.csv::2020-11-22,Attack_heavy_Benign/Benign/stateless_features-benign_heavy_1.pcap.csv_45098,200,2,0.01,0,0,window_N200_t0.714257_kn0.1
W00393,Attack_heavy_Benign/Benign/stateless_features-benign_heavy_1.pcap.csv::2020-11-22,Attack_heavy_Benign/Benign/stateless_features-benign_heavy_1.pcap.csv_45278,200,6,0.03,0,0,window_N200_t0.714257_kn0.1
W00394,Attack_heavy_Benign/Benign/stateless_features-benign_heavy_1.pcap.csv::2020-11-22,Attack_heavy_Benign/Benign/stateless_features-benign_heavy_1.pcap.csv_45458,200,21,0.105,1,0,window_N200_t0.714257_kn0.1
W00395,Attack_heavy_Benign/Benign/stateless_features-benign_heavy_1.pcap.csv::2020-11-22,Attack_heavy_Benign/Benign/stateless_features-benign_heavy_1.pcap.csv_45638,200,8,0.04,0,0,window_N200_t0.714257_kn0.1
W00396,Attack_heavy_Benign/Benign/stateless_features-benign_heavy_1.pcap.csv::2020-11-22,Attack_heavy_Benign/Benign/stateless_features-benign_heavy_1.pcap.csv_45818,200,4,0.02,0,0,window_N200_t0.714257_kn0.1
W00397,Attack_heavy_Benign/Benign/stateless_features-benign_heavy_1.pcap.csv::2020-11-22,Attack_heavy_Benign/Benign/stateless_features-benign_heavy_1.pcap.csv_45999,200,6,0.03,0,0,window_N200_t0.714257_kn0.1
W00398,Attack_heavy_Benign/Benign/stateless_features-benign_heavy_1.pcap.csv::2020-11-22,Attack_heavy_Benign/Benign/stateless_features-benign_heavy_1.pcap.csv_46178,200,3,0.015,0,0,window_N200_t0.714257_kn0.1
W00399,Attack_heavy_Benign/Benign/stateless_features-benign_heavy_1.pcap.csv::2020-11-22,Attack_heavy_Benign/Benign/stateless_features-benign_heavy_1.pcap.csv_46358,200,8,0.04,0,0,window_N200_t0.714257_kn0.1
W00400,Attack_heavy_Benign/Benign/stateless_features-benign_heavy_1.pcap.csv::2020-11-22,Attack_heavy_Benign/Benign/stateless_features-benign_heavy_1.pcap.csv_46538,200,4,0.02,0,0,window_N200_t0.714257_kn0.1
W00401,Attack_heavy_Benign/Benign/stateless_features-benign_heavy_1.pcap.csv::2020-11-22,Attack_heavy_Benign/Benign/stateless_features-benign_heavy_1.pcap.csv_46718,200,4,0.02,0,0,window_N200_t0.714257_kn0.1
W00402,Attack_heavy_Benign/Benign/stateless_features-benign_heavy_1.pcap.csv::2020-11-22,Attack_heavy_Benign/Benign/stateless_features-benign_heavy_1.pcap.csv_46899,200,16,0.08,0,0,window_N200_t0.714257_kn0.1
W00403,Attack_heavy_Benign/Benign/stateless_features-benign_heavy_1.pcap.csv::2020-11-22,Attack_heavy_Benign/Benign/stateless_features-benign_heavy_1.pcap.csv_47078,200,6,0.03,0,0,window_N200_t0.714257_kn0.1
W00404,Attack_heavy_Benign/Benign/stateless_features-benign_heavy_1.pcap.csv::2020-11-22,Attack_heavy_Benign/Benign/stateless_features-benign_heavy_1.pcap.csv_47258,200,6,0.03,0,0,window_N200_t0.714257_kn0.1
W00405,Attack_heavy_Benign/Benign/stateless_features-benign_heavy_1.pcap.csv::2020-11-22,Attack_heavy_Benign/Benign/stateless_features-benign_heavy_1.pcap.csv_47438,200,6,0.03,0,0,window_N200_t0.714257_kn0.1
W00406,Attack_heavy_Benign/Benign/stateless_features-benign_heavy_1.pcap.csv::2020-11-22,Attack_heavy_Benign/Benign/stateless_features-benign_heavy_1.pcap.csv_47618,200,4,0.02,0,0,window_N200_t0.714257_kn0.1
W00407,Attack_heavy_Benign/Benign/stateless_features-benign_heavy_1.pcap.csv::2020-11-22,Attack_heavy_Benign/Benign/stateless_features-benign_heavy_1.pcap.csv_47799,200,6,0.03,0,0,window_N200_t0.714257_kn0.1
W00408,Attack_heavy_Benign/Benign/stateless_features-benign_heavy_1.pcap.csv::2020-11-22,Attack_heavy_Benign/Benign/stateless_features-benign_heavy_1.pcap.csv_47979,200,2,0.01,0,0,window_N200_t0.714257_kn0.1
W00409,Attack_heavy_Benign/Benign/stateless_features-benign_heavy_1.pcap.csv::2020-11-22,Attack_heavy_Benign/Benign/stateless_features-benign_heavy_1.pcap.csv_48158,200,6,0.03,0,0,window_N200_t0.714257_kn0.1
W00410,Attack_heavy_Benign/Benign/stateless_features-benign_heavy_1.pcap.csv::2020-11-22,Attack_heavy_Benign/Benign/stateless_features-benign_heavy_1.pcap.csv_48338,200,5,0.025,0,0,window_N200_t0.714257_kn0.1
W00411,Attack_heavy_Benign/Benign/stateless_features-benign_heavy_1.pcap.csv::2020-11-22,Attack_heavy_Benign/Benign/stateless_features-benign_heavy_1.pcap.csv_48518,200,19,0.095,0,0,window_N200_t0.714257_kn0.1
W00412,Attack_heavy_Benign/Benign/stateless_features-benign_heavy_1.pcap.csv::2020-11-22,Attack_heavy_Benign/Benign/stateless_features-benign_heavy_1.pcap.csv_48699,200,6,0.03,0,0,window_N200_t0.714257_kn0.1
W00413,Attack_heavy_Benign/Benign/stateless_features-benign_heavy_1.pcap.csv::2020-11-22,Attack_heavy_Benign/Benign/stateless_features-benign_heavy_1.pcap.csv_48879,200,4,0.02,0,0,window_N200_t0.714257_kn0.1
W00414,Attack_heavy_Benign/Benign/stateless_features-benign_heavy_1.pcap.csv::2020-11-22,Attack_heavy_Benign/Benign/stateless_features-benign_heavy_1.pcap.csv_49058,200,8,0.04,0,0,window_N200_t0.714257_kn0.1
W00415,Attack_heavy_Benign/Benign/stateless_features-benign_heavy_1.pcap.csv::2020-11-22,Attack_heavy_Benign/Benign/stateless_features-benign_heavy_1.pcap.csv_49238,200,9,0.045,0,0,window_N200_t0.714257_kn0.1
W00416,Attack_heavy_Benign/Benign/stateless_features-benign_heavy_1.pcap.csv::2020-11-22,Attack_heavy_Benign/Benign/stateless_features-benign_heavy_1.pcap.csv_49418,200,7,0.035,0,0,window_N200_t0.714257_kn0.1
W00417,Attack_heavy_Benign/Benign/stateless_features-benign_heavy_1.pcap.csv::2020-11-22,Attack_heavy_Benign/Benign/stateless_features-benign_heavy_1.pcap.csv_49599,200,5,0.025,0,0,window_N200_t0.714257_kn0.1
W00418,Attack_heavy_Benign/Benign/stateless_features-benign_heavy_1.pcap.csv::2020-11-22,Attack_heavy_Benign/Benign/stateless_features-benign_heavy_1.pcap.csv_49779,200,15,0.075,0,0,window_N200_t0.714257_kn0.1
W00419,Attack_heavy_Benign/Benign/stateless_features-benign_heavy_1.pcap.csv::2020-11-22,Attack_heavy_Benign/Benign/stateless_features-benign_heavy_1.pcap.csv_49959,200,6,0.03,0,0,window_N200_t0.714257_kn0.1
W00420,Attack_heavy_Benign/Benign/stateless_features-benign_heavy_1.pcap.csv::2020-11-22,Attack_heavy_Benign/Benign/stateless_features-benign_heavy_1.pcap.csv_50137,200,6,0.03,0,0,window_N200_t0.714257_kn0.1
W00421,Attack_heavy_Benign/Benign/stateless_features-benign_heavy_1.pcap.csv::2020-11-22,Attack_heavy_Benign/Benign/stateless_features-benign_heavy_1.pcap.csv_50317,200,6,0.03,0,0,window_N200_t0.714257_kn0.1
W00422,Attack_heavy_Benign/Benign/stateless_features-benign_heavy_1.pcap.csv::2020-11-22,Attack_heavy_Benign/Benign/stateless_features-benign_heavy_1.pcap.csv_50498,200,7,0.035,0,0,window_N200_t0.714257_kn0.1
W00423,Attack_heavy_Benign/Benign/stateless_features-benign_heavy_1.pcap.csv::2020-11-22,Attack_heavy_Benign/Benign/stateless_features-benign_heavy_1.pcap.csv_50678,200,6,0.03,0,0,window_N200_t0.714257_kn0.1
W00424,Attack_heavy_Benign/Benign/stateless_features-benign_heavy_1.pcap.csv::2020-11-22,Attack_heavy_Benign/Benign/stateless_features-benign_heavy_1.pcap.csv_50858,200,5,0.025,0,0,window_N200_t0.714257_kn0.1
W00425,Attack_heavy_Benign/Benign/stateless_features-benign_heavy_1.pcap.csv::2020-11-22,Attack_heavy_Benign/Benign/stateless_features-benign_heavy_1.pcap.csv_51037,200,3,0.015,0,0,window_N200_t0.714257_kn0.1
W00426,Attack_heavy_Benign/Benign/stateless_features-benign_heavy_1.pcap.csv::2020-11-22,Attack_heavy_Benign/Benign/stateless_features-benign_heavy_1.pcap.csv_51217,200,11,0.055,0,0,window_N200_t0.714257_kn0.1
W00427,Attack_heavy_Benign/Benign/stateless_features-benign_heavy_1.pcap.csv::2020-11-22,Attack_heavy_Benign/Benign/stateless_features-benign_heavy_1.pcap.csv_51398,200,13,0.065,0,0,window_N200_t0.714257_kn0.1
W00428,Attack_heavy_Benign/Benign/stateless_features-benign_heavy_1.pcap.csv::2020-11-22,Attack_heavy_Benign/Benign/stateless_features-benign_heavy_1.pcap.csv_51578,200,8,0.04,0,0,window_N200_t0.714257_kn0.1
W00429,Attack_heavy_Benign/Benign/stateless_features-benign_heavy_1.pcap.csv::2020-11-22,Attack_heavy_Benign/Benign/stateless_features-benign_heavy_1.pcap.csv_51758,200,8,0.04,0,0,window_N200_t0.714257_kn0.1
W00430,Attack_heavy_Benign/Benign/stateless_features-benign_heavy_1.pcap.csv::2020-11-22,Attack_heavy_Benign/Benign/stateless_features-benign_heavy_1.pcap.csv_51938,200,8,0.04,0,0,window_N200_t0.714257_kn0.1
W00431,Attack_heavy_Benign/Benign/stateless_features-benign_heavy_1.pcap.csv::2020-11-22,Attack_heavy_Benign/Benign/stateless_features-benign_heavy_1.pcap.csv_52117,200,4,0.02,0,0,window_N200_t0.714257_kn0.1
W00432,Attack_heavy_Benign/Benign/stateless_features-benign_heavy_1.pcap.csv::2020-11-22,Attack_heavy_Benign/Benign/stateless_features-benign_heavy_1.pcap.csv_52298,200,8,0.04,0,0,window_N200_t0.714257_kn0.1
W00433,Attack_heavy_Benign/Benign/stateless_features-benign_heavy_1.pcap.csv::2020-11-22,Attack_heavy_Benign/Benign/stateless_features-benign_heavy_1.pcap.csv_52478,200,6,0.03,0,0,window_N200_t0.714257_kn0.1
W00434,Attack_heavy_Benign/Benign/stateless_features-benign_heavy_1.pcap.csv::2020-11-22,Attack_heavy_Benign/Benign/stateless_features-benign_heavy_1.pcap.csv_52658,200,14,0.07,0,0,window_N200_t0.714257_kn0.1
W00435,Attack_heavy_Benign/Benign/stateless_features-benign_heavy_1.pcap.csv::2020-11-22,Attack_heavy_Benign/Benign/stateless_features-benign_heavy_1.pcap.csv_52838,200,8,0.04,0,0,window_N200_t0.714257_kn0.1
W00436,Attack_heavy_Benign/Benign/stateless_features-benign_heavy_1.pcap.csv::2020-11-22,Attack_heavy_Benign/Benign/stateless_features-benign_heavy_1.pcap.csv_53017,200,7,0.035,0,0,window_N200_t0.714257_kn0.1
W00437,Attack_heavy_Benign/Benign/stateless_features-benign_heavy_1.pcap.csv::2020-11-22,Attack_heavy_Benign/Benign/stateless_features-benign_heavy_1.pcap.csv_53198,200,4,0.02,0,0,window_N200_t0.714257_kn0.1
W00438,Attack_heavy_Benign/Benign/stateless_features-benign_heavy_1.pcap.csv::2020-11-22,Attack_heavy_Benign/Benign/stateless_features-benign_heavy_1.pcap.csv_53378,200,8,0.04,0,0,window_N200_t0.714257_kn0.1
W00439,Attack_heavy_Benign/Benign/stateless_features-benign_heavy_1.pcap.csv::2020-11-22,Attack_heavy_Benign/Benign/stateless_features-benign_heavy_1.pcap.csv_53558,200,6,0.03,0,0,window_N200_t0.714257_kn0.1
W00440,Attack_heavy_Benign/Benign/stateless_features-benign_heavy_1.pcap.csv::2020-11-22,Attack_heavy_Benign/Benign/stateless_features-benign_heavy_1.pcap.csv_53738,200,2,0.01,0,0,window_N200_t0.714257_kn0.1
W00441,Attack_heavy_Benign/Benign/stateless_features-benign_heavy_1.pcap.csv::2020-11-22,Attack_heavy_Benign/Benign/stateless_features-benign_heavy_1.pcap.csv_53918,200,6,0.03,0,0,window_N200_t0.714257_kn0.1
W00442,Attack_heavy_Benign/Benign/stateless_features-benign_heavy_1.pcap.csv::2020-11-22,Attack_heavy_Benign/Benign/stateless_features-benign_heavy_1.pcap.csv_54098,200,16,0.08,0,0,window_N200_t0.714257_kn0.1
W00443,Attack_heavy_Benign/Benign/stateless_features-benign_heavy_1.pcap.csv::2020-11-22,Attack_heavy_Benign/Benign/stateless_features-benign_heavy_1.pcap.csv_54278,200,8,0.04,0,0,window_N200_t0.714257_kn0.1
W00444,Attack_heavy_Benign/Benign/stateless_features-benign_heavy_1.pcap.csv::2020-11-22,Attack_heavy_Benign/Benign/stateless_features-benign_heavy_1.pcap.csv_54458,200,8,0.04,0,0,window_N200_t0.714257_kn0.1
W00445,Attack_heavy_Benign/Benign/stateless_features-benign_heavy_1.pcap.csv::2020-11-22,Attack_heavy_Benign/Benign/stateless_features-benign_heavy_1.pcap.csv_54638,200,6,0.03,0,0,window_N200_t0.714257_kn0.1
W00446,Attack_heavy_Benign/Benign/stateless_features-benign_heavy_1.pcap.csv::2020-11-22,Attack_heavy_Benign/Benign/stateless_features-benign_heavy_1.pcap.csv_54818,200,5,0.025,0,0,window_N200_t0.714257_kn0.1
W00447,Attack_heavy_Benign/Benign/stateless_features-benign_heavy_1.pcap.csv::2020-11-22,Attack_heavy_Benign/Benign/stateless_features-benign_heavy_1.pcap.csv_54999,200,7,0.035,0,0,window_N200_t0.714257_kn0.1
W00448,Attack_heavy_Benign/Benign/stateless_features-benign_heavy_1.pcap.csv::2020-11-22,Attack_heavy_Benign/Benign/stateless_features-benign_heavy_1.pcap.csv_55178,200,2,0.01,0,0,window_N200_t0.714257_kn0.1
W00449,Attack_heavy_Benign/Benign/stateless_features-benign_heavy_1.pcap.csv::2020-11-22,Attack_heavy_Benign/Benign/stateless_features-benign_heavy_1.pcap.csv_55358,200,8,0.04,0,0,window_N200_t0.714257_kn0.1
W00450,Attack_heavy_Benign/Benign/stateless_features-benign_heavy_1.pcap.csv::2020-11-22,Attack_heavy_Benign/Benign/stateless_features-benign_heavy_1.pcap.csv_55538,200,18,0.09,0,0,window_N200_t0.714257_kn0.1
W00451,Attack_heavy_Benign/Benign/stateless_features-benign_heavy_1.pcap.csv::2020-11-22,Attack_heavy_Benign/Benign/stateless_features-benign_heavy_1.pcap.csv_55718,200,2,0.01,0,0,window_N200_t0.714257_kn0.1
W00452,Attack_heavy_Benign/Benign/stateless_features-benign_heavy_1.pcap.csv::2020-11-22,Attack_heavy_Benign/Benign/stateless_features-benign_heavy_1.pcap.csv_55899,200,7,0.035,0,0,window_N200_t0.714257_kn0.1
W00453,Attack_heavy_Benign/Benign/stateless_features-benign_heavy_1.pcap.csv::2020-11-22,Attack_heavy_Benign/Benign/stateless_features-benign_heavy_1.pcap.csv_56078,200,9,0.045,0,0,window_N200_t0.714257_kn0.1
W00454,Attack_heavy_Benign/Benign/stateless_features-benign_heavy_1.pcap.csv::2020-11-22,Attack_heavy_Benign/Benign/stateless_features-benign_heavy_1.pcap.csv_56258,200,2,0.01,0,0,window_N200_t0.714257_kn0.1
W00455,Attack_heavy_Benign/Benign/stateless_features-benign_heavy_1.pcap.csv::2020-11-22,Attack_heavy_Benign/Benign/stateless_features-benign_heavy_1.pcap.csv_56438,200,8,0.04,0,0,window_N200_t0.714257_kn0.1
W00456,Attack_heavy_Benign/Benign/stateless_features-benign_heavy_1.pcap.csv::2020-11-22,Attack_heavy_Benign/Benign/stateless_features-benign_heavy_1.pcap.csv_56618,200,6,0.03,0,0,window_N200_t0.714257_kn0.1
W00457,Attack_heavy_Benign/Benign/stateless_features-benign_heavy_1.pcap.csv::2020-11-22,Attack_heavy_Benign/Benign/stateless_features-benign_heavy_1.pcap.csv_56799,200,16,0.08,0,0,window_N200_t0.714257_kn0.1
W00458,Attack_heavy_Benign/Benign/stateless_features-benign_heavy_1.pcap.csv::2020-11-22,Attack_heavy_Benign/Benign/stateless_features-benign_heavy_1.pcap.csv_56979,200,13,0.065,0,0,window_N200_t0.714257_kn0.1
W00459,Attack_heavy_Benign/Benign/stateless_features-benign_heavy_1.pcap.csv::2020-11-22,Attack_heavy_Benign/Benign/stateless_features-benign_heavy_1.pcap.csv_57158,200,12,0.06,0,0,window_N200_t0.714257_kn0.1
W00460,Attack_heavy_Benign/Benign/stateless_features-benign_heavy_1.pcap.csv::2020-11-22,Attack_heavy_Benign/Benign/stateless_features-benign_heavy_1.pcap.csv_57338,200,9,0.045,0,0,window_N200_t0.714257_kn0.1
W00461,Attack_heavy_Benign/Benign/stateless_features-benign_heavy_1.pcap.csv::2020-11-22,Attack_heavy_Benign/Benign/stateless_features-benign_heavy_1.pcap.csv_57518,200,7,0.035,0,0,window_N200_t0.714257_kn0.1
W00462,Attack_heavy_Benign/Benign/stateless_features-benign_heavy_1.pcap.csv::2020-11-22,Attack_heavy_Benign/Benign/stateless_features-benign_heavy_1.pcap.csv_57699,200,6,0.03,0,0,window_N200_t0.714257_kn0.1
W00463,Attack_heavy_Benign/Benign/stateless_features-benign_heavy_1.pcap.csv::2020-11-22,Attack_heavy_Benign/Benign/stateless_features-benign_heavy_1.pcap.csv_57879,200,4,0.02,0,0,window_N200_t0.714257_kn0.1
W00464,Attack_heavy_Benign/Benign/stateless_features-benign_heavy_1.pcap.csv::2020-11-22,Attack_heavy_Benign/Benign/stateless_features-benign_heavy_1.pcap.csv_58058,200,18,0.09,0,0,window_N200_t0.714257_kn0.1
W00465,Attack_heavy_Benign/Benign/stateless_features-benign_heavy_1.pcap.csv::2020-11-22,Attack_heavy_Benign/Benign/stateless_features-benign_heavy_1.pcap.csv_58238,200,6,0.03,0,0,window_N200_t0.714257_kn0.1
W00466,Attack_heavy_Benign/Benign/stateless_features-benign_heavy_1.pcap.csv::2020-11-22,Attack_heavy_Benign/Benign/stateless_features-benign_heavy_1.pcap.csv_58418,200,6,0.03,0,0,window_N200_t0.714257_kn0.1
W00467,Attack_heavy_Benign/Benign/stateless_features-benign_heavy_1.pcap.csv::2020-11-22,Attack_heavy_Benign/Benign/stateless_features-benign_heavy_1.pcap.csv_58599,200,7,0.035,0,0,window_N200_t0.714257_kn0.1
W00468,Attack_heavy_Benign/Benign/stateless_features-benign_heavy_1.pcap.csv::2020-11-22,Attack_heavy_Benign/Benign/stateless_features-benign_heavy_1.pcap.csv_58779,200,6,0.03,0,0,window_N200_t0.714257_kn0.1
W00469,Attack_heavy_Benign/Benign/stateless_features-benign_heavy_1.pcap.csv::2020-11-22,Attack_heavy_Benign/Benign/stateless_features-benign_heavy_1.pcap.csv_58959,200,4,0.02,0,0,window_N200_t0.714257_kn0.1
W00470,Attack_heavy_Benign/Benign/stateless_features-benign_heavy_1.pcap.csv::2020-11-22,Attack_heavy_Benign/Benign/stateless_features-benign_heavy_1.pcap.csv_59138,200,6,0.03,0,0,window_N200_t0.714257_kn0.1
W00471,Attack_heavy_Benign/Benign/stateless_features-benign_heavy_1.pcap.csv::2020-11-22,Attack_heavy_Benign/Benign/stateless_features-benign_heavy_1.pcap.csv_59318,200,6,0.03,0,0,window_N200_t0.714257_kn0.1
W00472,Attack_heavy_Benign/Benign/stateless_features-benign_heavy_1.pcap.csv::2020-11-22,Attack_heavy_Benign/Benign/stateless_features-benign_heavy_1.pcap.csv_59499,200,18,0.09,0,0,window_N200_t0.714257_kn0.1
W00473,Attack_heavy_Benign/Benign/stateless_features-benign_heavy_1.pcap.csv::2020-11-22,Attack_heavy_Benign/Benign/stateless_features-benign_heavy_1.pcap.csv_59679,200,5,0.025,0,0,window_N200_t0.714257_kn0.1
W00474,Attack_heavy_Benign/Benign/stateless_features-benign_heavy_1.pcap.csv::2020-11-22,Attack_heavy_Benign/Benign/stateless_features-benign_heavy_1.pcap.csv_59859,200,11,0.055,0,0,window_N200_t0.714257_kn0.1
W00475,Attack_heavy_Benign/Benign/stateless_features-benign_heavy_1.pcap.csv::2020-11-22,Attack_heavy_Benign/Benign/stateless_features-benign_heavy_1.pcap.csv_60037,200,7,0.035,0,0,window_N200_t0.714257_kn0.1
W00476,Attack_heavy_Benign/Benign/stateless_features-benign_heavy_1.pcap.csv::2020-11-22,Attack_heavy_Benign/Benign/stateless_features-benign_heavy_1.pcap.csv_60217,200,4,0.02,0,0,window_N200_t0.714257_kn0.1
W00477,Attack_heavy_Benign/Benign/stateless_features-benign_heavy_1.pcap.csv::2020-11-22,Attack_heavy_Benign/Benign/stateless_features-benign_heavy_1.pcap.csv_60398,200,7,0.035,0,0,window_N200_t0.714257_kn0.1
W00478,Attack_heavy_Benign/Benign/stateless_features-benign_heavy_1.pcap.csv::2020-11-22,Attack_heavy_Benign/Benign/stateless_features-benign_heavy_1.pcap.csv_60578,200,7,0.035,0,0,window_N200_t0.714257_kn0.1
W00479,Attack_heavy_Benign/Benign/stateless_features-benign_heavy_1.pcap.csv::2020-11-22,Attack_heavy_Benign/Benign/stateless_features-benign_heavy_1.pcap.csv_60758,200,2,0.01,0,0,window_N200_t0.714257_kn0.1
W00480,Attack_heavy_Benign/Benign/stateless_features-benign_heavy_1.pcap.csv::2020-11-22,Attack_heavy_Benign/Benign/stateless_features-benign_heavy_1.pcap.csv_60938,200,18,0.09,0,0,window_N200_t0.714257_kn0.1
W00481,Attack_heavy_Benign/Benign/stateless_features-benign_heavy_1.pcap.csv::2020-11-22,Attack_heavy_Benign/Benign/stateless_features-benign_heavy_1.pcap.csv_61117,200,8,0.04,0,0,window_N200_t0.714257_kn0.1
W00482,Attack_heavy_Benign/Benign/stateless_features-benign_heavy_1.pcap.csv::2020-11-22,Attack_heavy_Benign/Benign/stateless_features-benign_heavy_1.pcap.csv_61298,200,4,0.02,0,0,window_N200_t0.714257_kn0.1
W00483,Attack_heavy_Benign/Benign/stateless_features-benign_heavy_1.pcap.csv::2020-11-22,Attack_heavy_Benign/Benign/stateless_features-benign_heavy_1.pcap.csv_61478,200,8,0.04,0,0,window_N200_t0.714257_kn0.1
W00484,Attack_heavy_Benign/Benign/stateless_features-benign_heavy_1.pcap.csv::2020-11-22,Attack_heavy_Benign/Benign/stateless_features-benign_heavy_1.pcap.csv_6248,200,7,0.035,0,0,window_N200_t0.714257_kn0.1
W00485,Attack_heavy_Benign/Benign/stateless_features-benign_heavy_1.pcap.csv::2020-11-22,Attack_heavy_Benign/Benign/stateless_features-benign_heavy_1.pcap.csv_6428,200,7,0.035,0,0,window_N200_t0.714257_kn0.1
W00486,Attack_heavy_Benign/Benign/stateless_features-benign_heavy_1.pcap.csv::2020-11-22,Attack_heavy_Benign/Benign/stateless_features-benign_heavy_1.pcap.csv_6608,200,4,0.02,0,0,window_N200_t0.714257_kn0.1
W00487,Attack_heavy_Benign/Benign/stateless_features-benign_heavy_1.pcap.csv::2020-11-22,Attack_heavy_Benign/Benign/stateless_features-benign_heavy_1.pcap.csv_6789,200,8,0.04,0,0,window_N200_t0.714257_kn0.1
W00488,Attack_heavy_Benign/Benign/stateless_features-benign_heavy_1.pcap.csv::2020-11-22,Attack_heavy_Benign/Benign/stateless_features-benign_heavy_1.pcap.csv_6969,200,18,0.09,0,0,window_N200_t0.714257_kn0.1
W00489,Attack_heavy_Benign/Benign/stateless_features-benign_heavy_1.pcap.csv::2020-11-22,Attack_heavy_Benign/Benign/stateless_features-benign_heavy_1.pcap.csv_7148,200,4,0.02,0,0,window_N200_t0.714257_kn0.1
W00490,Attack_heavy_Benign/Benign/stateless_features-benign_heavy_1.pcap.csv::2020-11-22,Attack_heavy_Benign/Benign/stateless_features-benign_heavy_1.pcap.csv_7328,200,7,0.035,0,0,window_N200_t0.714257_kn0.1
W00491,Attack_heavy_Benign/Benign/stateless_features-benign_heavy_1.pcap.csv::2020-11-22,Attack_heavy_Benign/Benign/stateless_features-benign_heavy_1.pcap.csv_7508,200,8,0.04,0,0,window_N200_t0.714257_kn0.1
W00492,Attack_heavy_Benign/Benign/stateless_features-benign_heavy_1.pcap.csv::2020-11-22,Attack_heavy_Benign/Benign/stateless_features-benign_heavy_1.pcap.csv_7689,200,3,0.015,0,0,window_N200_t0.714257_kn0.1
W00493,Attack_heavy_Benign/Benign/stateless_features-benign_heavy_1.pcap.csv::2020-11-22,Attack_heavy_Benign/Benign/stateless_features-benign_heavy_1.pcap.csv_7869,200,6,0.03,0,0,window_N200_t0.714257_kn0.1
W00494,Attack_heavy_Benign/Benign/stateless_features-benign_heavy_1.pcap.csv::2020-11-22,Attack_heavy_Benign/Benign/stateless_features-benign_heavy_1.pcap.csv_8048,200,7,0.035,0,0,window_N200_t0.714257_kn0.1
W00495,Attack_heavy_Benign/Benign/stateless_features-benign_heavy_1.pcap.csv::2020-11-22,Attack_heavy_Benign/Benign/stateless_features-benign_heavy_1.pcap.csv_8228,200,3,0.015,0,0,window_N200_t0.714257_kn0.1
W00496,Attack_heavy_Benign/Benign/stateless_features-benign_heavy_1.pcap.csv::2020-11-22,Attack_heavy_Benign/Benign/stateless_features-benign_heavy_1.pcap.csv_8408,200,18,0.09,0,0,window_N200_t0.714257_kn0.1
W00497,Attack_heavy_Benign/Benign/stateless_features-benign_heavy_1.pcap.csv::2020-11-22,Attack_heavy_Benign/Benign/stateless_features-benign_heavy_1.pcap.csv_8589,200,4,0.02,0,0,window_N200_t0.714257_kn0.1
W00498,Attack_heavy_Benign/Benign/stateless_features-benign_heavy_1.pcap.csv::2020-11-22,Attack_heavy_Benign/Benign/stateless_features-benign_heavy_1.pcap.csv_8769,200,8,0.04,0,0,window_N200_t0.714257_kn0.1
W00499,Attack_heavy_Benign/Benign/stateless_features-benign_heavy_1.pcap.csv::2020-11-22,Attack_heavy_Benign/Benign/stateless_features-benign_heavy_1.pcap.csv_8949,200,8,0.04,0,0,window_N200_t0.714257_kn0.1
W00500,Attack_heavy_Benign/Benign/stateless_features-benign_heavy_1.pcap.csv::2020-11-22,Attack_heavy_Benign/Benign/stateless_features-benign_heavy_1.pcap.csv_9128,200,2,0.01,0,0,window_N200_t0.714257_kn0.1
W00501,Attack_heavy_Benign/Benign/stateless_features-benign_heavy_1.pcap.csv::2020-11-22,Attack_heavy_Benign/Benign/stateless_features-benign_heavy_1.pcap.csv_9308,200,8,0.04,0,0,window_N200_t0.714257_kn0.1
W00502,Attack_heavy_Benign/Benign/stateless_features-benign_heavy_1.pcap.csv::2020-11-22,Attack_heavy_Benign/Benign/stateless_features-benign_heavy_1.pcap.csv_9489,200,9,0.045,0,0,window_N200_t0.714257_kn0.1
W00503,Attack_heavy_Benign/Benign/stateless_features-benign_heavy_1.pcap.csv::2020-11-22,Attack_heavy_Benign/Benign/stateless_features-benign_heavy_1.pcap.csv_9669,200,2,0.01,0,0,window_N200_t0.714257_kn0.1
W00504,Attack_heavy_Benign/Benign/stateless_features-benign_heavy_1.pcap.csv::2020-11-22,Attack_heavy_Benign/Benign/stateless_features-benign_heavy_1.pcap.csv_9849,167,6,0.03592814371257485,0,0,window_N200_t0.714257_kn0.1
